

set @ruleset = 'rptledger' 
;

delete from sys_rule_action_param where parentid in ( 
  select ra.objid 
  from sys_rule r, sys_rule_action ra 
  where r.ruleset=@ruleset and ra.parentid=r.objid 
)
;
delete from sys_rule_actiondef_param where parentid in ( 
  select ra.objid from sys_ruleset_actiondef rsa 
    inner join sys_rule_actiondef ra on ra.objid=rsa.actiondef 
  where rsa.ruleset=@ruleset
);
delete from sys_rule_actiondef where objid in ( 
  select actiondef from sys_ruleset_actiondef where ruleset=@ruleset 
);
delete from sys_rule_action where parentid in ( 
  select objid from sys_rule 
  where ruleset=@ruleset 
)
;
delete from sys_rule_condition_constraint where parentid in ( 
  select rc.objid 
  from sys_rule r, sys_rule_condition rc 
  where r.ruleset=@ruleset and rc.parentid=r.objid 
)
;
delete from sys_rule_condition_var where parentid in ( 
  select rc.objid 
  from sys_rule r, sys_rule_condition rc 
  where r.ruleset=@ruleset and rc.parentid=r.objid 
)
;
delete from sys_rule_condition where parentid in ( 
  select objid from sys_rule where ruleset=@ruleset 
)
;
delete from sys_rule_deployed where objid in ( 
  select objid from sys_rule where ruleset=@ruleset 
)
;
delete from sys_rule where ruleset=@ruleset 
;
delete from sys_ruleset_fact where ruleset=@ruleset
;
delete from sys_ruleset_actiondef where ruleset=@ruleset
;
delete from sys_rulegroup where ruleset=@ruleset 
;
delete from sys_ruleset where name=@ruleset 
;


set @ruleset = 'rptbilling' 
;

delete from sys_rule_action_param where parentid in ( 
  select ra.objid 
  from sys_rule r, sys_rule_action ra 
  where r.ruleset=@ruleset and ra.parentid=r.objid 
)
;
delete from sys_rule_actiondef_param where parentid in ( 
  select ra.objid from sys_ruleset_actiondef rsa 
    inner join sys_rule_actiondef ra on ra.objid=rsa.actiondef 
  where rsa.ruleset=@ruleset
);
delete from sys_rule_actiondef where objid in ( 
  select actiondef from sys_ruleset_actiondef where ruleset=@ruleset 
);
delete from sys_rule_action where parentid in ( 
  select objid from sys_rule 
  where ruleset=@ruleset 
)
;
delete from sys_rule_condition_constraint where parentid in ( 
  select rc.objid 
  from sys_rule r, sys_rule_condition rc 
  where r.ruleset=@ruleset and rc.parentid=r.objid 
)
;
delete from sys_rule_condition_var where parentid in ( 
  select rc.objid 
  from sys_rule r, sys_rule_condition rc 
  where r.ruleset=@ruleset and rc.parentid=r.objid 
)
;
delete from sys_rule_condition where parentid in ( 
  select objid from sys_rule where ruleset=@ruleset 
)
;
delete from sys_rule_deployed where objid in ( 
  select objid from sys_rule where ruleset=@ruleset 
)
;
delete from sys_rule where ruleset=@ruleset 
;
delete from sys_ruleset_fact where ruleset=@ruleset
;
delete from sys_ruleset_actiondef where ruleset=@ruleset
;
delete from sys_rulegroup where ruleset=@ruleset 
;
delete from sys_ruleset where name=@ruleset 
;




INSERT IGNORE INTO `sys_ruleset` (`name`, `title`, `packagename`, `domain`, `role`, `permission`) VALUES ('rptbilling', 'RPT Billing Rules', 'rptbilling', 'LANDTAX', 'RULE_AUTHOR', NULL);
INSERT IGNORE INTO `sys_ruleset` (`name`, `title`, `packagename`, `domain`, `role`, `permission`) VALUES ('rptledger', 'Ledger Billing Rules', 'rptledger', 'LANDTAX', 'RULE_AUTHOR', NULL);

INSERT IGNORE INTO `sys_rulegroup` (`name`, `ruleset`, `title`, `sortorder`) VALUES ('AFTER_DISCOUNT', 'rptbilling', 'After Discount Computation', '10');
INSERT IGNORE INTO `sys_rulegroup` (`name`, `ruleset`, `title`, `sortorder`) VALUES ('after_misc', 'rptbilling', 'After Misc Compputation', '17');
INSERT IGNORE INTO `sys_rulegroup` (`name`, `ruleset`, `title`, `sortorder`) VALUES ('AFTER_PENALTY', 'rptbilling', 'After Penalty Computation', '8');
INSERT IGNORE INTO `sys_rulegroup` (`name`, `ruleset`, `title`, `sortorder`) VALUES ('AFTER_SUMMARY', 'rptbilling', 'After Summary', '21');
INSERT IGNORE INTO `sys_rulegroup` (`name`, `ruleset`, `title`, `sortorder`) VALUES ('AFTER_TAX', 'rptledger', 'Post Tax Computation', '3');
INSERT IGNORE INTO `sys_rulegroup` (`name`, `ruleset`, `title`, `sortorder`) VALUES ('before_misc', 'rptbilling', 'Before Misc Computation', '15');
INSERT IGNORE INTO `sys_rulegroup` (`name`, `ruleset`, `title`, `sortorder`) VALUES ('BEFORE_SUMMARY', 'rptbilling', 'Before Summary ', '19');
INSERT IGNORE INTO `sys_rulegroup` (`name`, `ruleset`, `title`, `sortorder`) VALUES ('DISCOUNT', 'rptbilling', 'Discount Computation', '9');
INSERT IGNORE INTO `sys_rulegroup` (`name`, `ruleset`, `title`, `sortorder`) VALUES ('INIT', 'rptbilling', 'Init', '0');
INSERT IGNORE INTO `sys_rulegroup` (`name`, `ruleset`, `title`, `sortorder`) VALUES ('INIT', 'rptledger', 'Init', '0');
INSERT IGNORE INTO `sys_rulegroup` (`name`, `ruleset`, `title`, `sortorder`) VALUES ('LEDGER_ITEM', 'rptledger', 'Ledger Item Posting', '1');
INSERT IGNORE INTO `sys_rulegroup` (`name`, `ruleset`, `title`, `sortorder`) VALUES ('misc', 'rptbilling', 'Misc Computation', '16');
INSERT IGNORE INTO `sys_rulegroup` (`name`, `ruleset`, `title`, `sortorder`) VALUES ('PENALTY', 'rptbilling', 'Penalty Computation', '7');
INSERT IGNORE INTO `sys_rulegroup` (`name`, `ruleset`, `title`, `sortorder`) VALUES ('SUMMARY', 'rptbilling', 'Summary', '20');
INSERT IGNORE INTO `sys_rulegroup` (`name`, `ruleset`, `title`, `sortorder`) VALUES ('TAX', 'rptledger', 'Tax Computation', '2');

INSERT IGNORE INTO `sys_ruleset_actiondef` (`ruleset`, `actiondef`) VALUES ('rptledger', 'rptis.landtax.actions.AddBasic');
INSERT IGNORE INTO `sys_ruleset_actiondef` (`ruleset`, `actiondef`) VALUES ('rptbilling', 'rptis.landtax.actions.AddBillItem');
INSERT IGNORE INTO `sys_ruleset_actiondef` (`ruleset`, `actiondef`) VALUES ('rptledger', 'rptis.landtax.actions.AddFireCode');
INSERT IGNORE INTO `sys_ruleset_actiondef` (`ruleset`, `actiondef`) VALUES ('rptledger', 'rptis.landtax.actions.AddIdleLand');
INSERT IGNORE INTO `sys_ruleset_actiondef` (`ruleset`, `actiondef`) VALUES ('rptledger', 'rptis.landtax.actions.AddSef');
INSERT IGNORE INTO `sys_ruleset_actiondef` (`ruleset`, `actiondef`) VALUES ('rptbilling', 'rptis.landtax.actions.AddShare');
INSERT IGNORE INTO `sys_ruleset_actiondef` (`ruleset`, `actiondef`) VALUES ('rptledger', 'rptis.landtax.actions.AddSocialHousing');
INSERT IGNORE INTO `sys_ruleset_actiondef` (`ruleset`, `actiondef`) VALUES ('rptbilling', 'rptis.landtax.actions.AggregateLedgerItem');
INSERT IGNORE INTO `sys_ruleset_actiondef` (`ruleset`, `actiondef`) VALUES ('rptbilling', 'rptis.landtax.actions.CalcDiscount');
INSERT IGNORE INTO `sys_ruleset_actiondef` (`ruleset`, `actiondef`) VALUES ('rptbilling', 'rptis.landtax.actions.CalcInterest');
INSERT IGNORE INTO `sys_ruleset_actiondef` (`ruleset`, `actiondef`) VALUES ('rptledger', 'rptis.landtax.actions.CalcTax');
INSERT IGNORE INTO `sys_ruleset_actiondef` (`ruleset`, `actiondef`) VALUES ('rptbilling', 'rptis.landtax.actions.CreateTaxSummary');
INSERT IGNORE INTO `sys_ruleset_actiondef` (`ruleset`, `actiondef`) VALUES ('rptbilling', 'rptis.landtax.actions.RemoveLedgerItem');
INSERT IGNORE INTO `sys_ruleset_actiondef` (`ruleset`, `actiondef`) VALUES ('rptbilling', 'rptis.landtax.actions.SetBillExpiryDate');
INSERT IGNORE INTO `sys_ruleset_actiondef` (`ruleset`, `actiondef`) VALUES ('rptbilling', 'rptis.landtax.actions.SplitByQtr');
INSERT IGNORE INTO `sys_ruleset_actiondef` (`ruleset`, `actiondef`) VALUES ('rptbilling', 'rptis.landtax.actions.SplitLedgerItem');
INSERT IGNORE INTO `sys_ruleset_actiondef` (`ruleset`, `actiondef`) VALUES ('rptledger', 'rptis.landtax.actions.UpdateAV');

INSERT IGNORE INTO `sys_ruleset_fact` (`ruleset`, `rulefact`) VALUES ('rptbilling', 'CurrentDate');
INSERT IGNORE INTO `sys_ruleset_fact` (`ruleset`, `rulefact`) VALUES ('rptledger', 'rptis.landtax.facts.AssessedValue');
INSERT IGNORE INTO `sys_ruleset_fact` (`ruleset`, `rulefact`) VALUES ('rptbilling', 'rptis.landtax.facts.Bill');
INSERT IGNORE INTO `sys_ruleset_fact` (`ruleset`, `rulefact`) VALUES ('rptledger', 'rptis.landtax.facts.Classification');
INSERT IGNORE INTO `sys_ruleset_fact` (`ruleset`, `rulefact`) VALUES ('rptbilling', 'rptis.landtax.facts.RPTBillItem');
INSERT IGNORE INTO `sys_ruleset_fact` (`ruleset`, `rulefact`) VALUES ('rptbilling', 'rptis.landtax.facts.RPTIncentive');
INSERT IGNORE INTO `sys_ruleset_fact` (`ruleset`, `rulefact`) VALUES ('rptbilling', 'rptis.landtax.facts.RPTLedgerFact');
INSERT IGNORE INTO `sys_ruleset_fact` (`ruleset`, `rulefact`) VALUES ('rptledger', 'rptis.landtax.facts.RPTLedgerFact');
INSERT IGNORE INTO `sys_ruleset_fact` (`ruleset`, `rulefact`) VALUES ('rptbilling', 'rptis.landtax.facts.RPTLedgerItemFact');
INSERT IGNORE INTO `sys_ruleset_fact` (`ruleset`, `rulefact`) VALUES ('rptledger', 'rptis.landtax.facts.RPTLedgerItemFact');
INSERT IGNORE INTO `sys_ruleset_fact` (`ruleset`, `rulefact`) VALUES ('rptbilling', 'rptis.landtax.facts.RPTLedgerTaxSummaryFact');
INSERT IGNORE INTO `sys_ruleset_fact` (`ruleset`, `rulefact`) VALUES ('rptbilling', 'rptis.landtax.facts.ShareFact');

INSERT IGNORE INTO `sys_rule` (`objid`, `state`, `name`, `ruleset`, `rulegroup`, `title`, `description`, `salience`, `effectivefrom`, `effectiveto`, `dtfiled`, `user_objid`, `user_name`, `noloop`, `_ukey`) VALUES ('RUL-1a2d6e9b:1692d429304:-7779', 'DEPLOYED', 'BASIC_AND_SEF', 'rptledger', 'LEDGER_ITEM', 'BASIC_AND_SEF', NULL, '50000', NULL, NULL, '2019-02-27 12:48:06', 'USR-12b70fa0:16929d068ad:-7e8e', 'LANDTAX', '1', 'RUL-1a2d6e9b:1692d429304:-7779');
INSERT IGNORE INTO `sys_rule` (`objid`, `state`, `name`, `ruleset`, `rulegroup`, `title`, `description`, `salience`, `effectivefrom`, `effectiveto`, `dtfiled`, `user_objid`, `user_name`, `noloop`, `_ukey`) VALUES ('RUL-2ede6703:16642adb9ce:-7ba0', 'DEPLOYED', 'EXPIRY_ADVANCE_BILLING', 'rptbilling', 'BEFORE_SUMMARY', 'EXPIRY ADVANCE BILLING', NULL, '5000', NULL, NULL, '2018-10-05 01:28:47', 'USR6bd70b1f:1662cdef89a:-7e3e', 'RAMESES', '1', 'RUL-2ede6703:16642adb9ce:-7ba0');
INSERT IGNORE INTO `sys_rule` (`objid`, `state`, `name`, `ruleset`, `rulegroup`, `title`, `description`, `salience`, `effectivefrom`, `effectiveto`, `dtfiled`, `user_objid`, `user_name`, `noloop`, `_ukey`) VALUES ('RUL-44dc6a75:17b9a0317a2:-1b9c', 'DEPLOYED', 'DISCOUNT_CURRENT_ANNUAL', 'rptbilling', 'DISCOUNT', 'DISCOUNT CURRENT ANNUAL', NULL, '50000', NULL, NULL, '2021-08-31 03:03:53', 'USR1baad830:1504540ddc4:-7d03', 'CL3', '1', 'RUL-44dc6a75:17b9a0317a2:-1b9c');
INSERT IGNORE INTO `sys_rule` (`objid`, `state`, `name`, `ruleset`, `rulegroup`, `title`, `description`, `salience`, `effectivefrom`, `effectiveto`, `dtfiled`, `user_objid`, `user_name`, `noloop`, `_ukey`) VALUES ('RUL-44dc6a75:17b9a0317a2:-7555', 'DEPLOYED', 'DISCOUNT_CURRENT', 'rptbilling', 'DISCOUNT', 'DISCOUNT CURRENT', NULL, '50000', NULL, NULL, '2021-08-31 02:36:34', 'USR1baad830:1504540ddc4:-7d03', 'CL3', '1', 'RUL-44dc6a75:17b9a0317a2:-7555');
INSERT IGNORE INTO `sys_rule` (`objid`, `state`, `name`, `ruleset`, `rulegroup`, `title`, `description`, `salience`, `effectivefrom`, `effectiveto`, `dtfiled`, `user_objid`, `user_name`, `noloop`, `_ukey`) VALUES ('RUL1262ad19:166ae41b1fb:-7c88', 'DEPLOYED', 'TOTAL_PREVIOUS', 'rptbilling', 'SUMMARY', 'TOTAL PREVIOUS', NULL, '50000', NULL, NULL, '2018-10-25 22:55:00', 'USR6de55768:158e0e57805:-74f2', 'ADMIN', '1', 'RUL1262ad19:166ae41b1fb:-7c88');
INSERT IGNORE INTO `sys_rule` (`objid`, `state`, `name`, `ruleset`, `rulegroup`, `title`, `description`, `salience`, `effectivefrom`, `effectiveto`, `dtfiled`, `user_objid`, `user_name`, `noloop`, `_ukey`) VALUES ('RUL2372be5b:17b4cb61bed:-3a38', 'APPROVED', 'AGGREGATE_CURRENT_ITEMS', 'rptbilling', 'BEFORE_SUMMARY', 'AGGREGATE CURRENT ITEMS', NULL, '60000', NULL, NULL, '2021-08-16 10:38:07', 'USR7e15465b:14a51353b1a:-7fb7', 'ADMIN', '1', 'RUL2372be5b:17b4cb61bed:-3a38');
INSERT IGNORE INTO `sys_rule` (`objid`, `state`, `name`, `ruleset`, `rulegroup`, `title`, `description`, `salience`, `effectivefrom`, `effectiveto`, `dtfiled`, `user_objid`, `user_name`, `noloop`, `_ukey`) VALUES ('RUL2372be5b:17b4cb61bed:-418b', 'DEPLOYED', 'SPLIT_QTR', 'rptbilling', 'INIT', 'SPLIT QTR', NULL, '50000', NULL, NULL, '2021-08-16 10:29:49', 'USR7e15465b:14a51353b1a:-7fb7', 'ADMIN', '1', 'RUL2372be5b:17b4cb61bed:-418b');
INSERT IGNORE INTO `sys_rule` (`objid`, `state`, `name`, `ruleset`, `rulegroup`, `title`, `description`, `salience`, `effectivefrom`, `effectiveto`, `dtfiled`, `user_objid`, `user_name`, `noloop`, `_ukey`) VALUES ('RUL2372be5b:17b4cb61bed:-6b97', 'DEPLOYED', 'ADVANCE_DISCOUNT_QTRLY', 'rptbilling', 'DISCOUNT', 'ADVANCE DISCOUNT QTRLY', NULL, '50000', NULL, NULL, '2021-08-16 10:17:57', 'USR7e15465b:14a51353b1a:-7fb7', 'ADMIN', '1', 'RUL2372be5b:17b4cb61bed:-6b97');
INSERT IGNORE INTO `sys_rule` (`objid`, `state`, `name`, `ruleset`, `rulegroup`, `title`, `description`, `salience`, `effectivefrom`, `effectiveto`, `dtfiled`, `user_objid`, `user_name`, `noloop`, `_ukey`) VALUES ('RUL2372be5b:17b4cb61bed:-705a', 'DEPLOYED', 'ADVANCE_DISCOUNT_20', 'rptbilling', 'DISCOUNT', 'ADVANCE DISCOUNT 20', NULL, '50000', NULL, NULL, '2021-08-16 10:15:57', 'USR7e15465b:14a51353b1a:-7fb7', 'ADMIN', '1', 'RUL2372be5b:17b4cb61bed:-705a');
INSERT IGNORE INTO `sys_rule` (`objid`, `state`, `name`, `ruleset`, `rulegroup`, `title`, `description`, `salience`, `effectivefrom`, `effectiveto`, `dtfiled`, `user_objid`, `user_name`, `noloop`, `_ukey`) VALUES ('RUL2372be5b:17b4cb61bed:-7207', 'DEPLOYED', 'BACKTAX_ZERO_PENALTY', 'rptbilling', 'AFTER_PENALTY', 'BACKTAX ZERO PENALTY', NULL, '50000', NULL, NULL, '2021-08-16 10:14:45', 'USR7e15465b:14a51353b1a:-7fb7', 'ADMIN', '1', 'RUL2372be5b:17b4cb61bed:-7207');
INSERT IGNORE INTO `sys_rule` (`objid`, `state`, `name`, `ruleset`, `rulegroup`, `title`, `description`, `salience`, `effectivefrom`, `effectiveto`, `dtfiled`, `user_objid`, `user_name`, `noloop`, `_ukey`) VALUES ('RUL2372be5b:17b4cb61bed:-79ec', 'DEPLOYED', 'PENALTY_1992_LESS_CY', 'rptbilling', 'PENALTY', 'PENALTY 1992 LESS CY', NULL, '50000', NULL, NULL, '2021-08-16 10:11:55', 'USR7e15465b:14a51353b1a:-7fb7', 'ADMIN', '1', 'RUL2372be5b:17b4cb61bed:-79ec');
INSERT IGNORE INTO `sys_rule` (`objid`, `state`, `name`, `ruleset`, `rulegroup`, `title`, `description`, `salience`, `effectivefrom`, `effectiveto`, `dtfiled`, `user_objid`, `user_name`, `noloop`, `_ukey`) VALUES ('RUL2372be5b:17b4cb61bed:-7b89', 'DEPLOYED', 'PENALTY_1974_TO_1991', 'rptbilling', 'PENALTY', 'PENALTY 1974 TO 1991', NULL, '50000', NULL, NULL, '2021-08-16 10:10:59', 'USR7e15465b:14a51353b1a:-7fb7', 'ADMIN', '1', 'RUL2372be5b:17b4cb61bed:-7b89');
INSERT IGNORE INTO `sys_rule` (`objid`, `state`, `name`, `ruleset`, `rulegroup`, `title`, `description`, `salience`, `effectivefrom`, `effectiveto`, `dtfiled`, `user_objid`, `user_name`, `noloop`, `_ukey`) VALUES ('RUL2372be5b:17b4cb61bed:-7cda', 'DEPLOYED', 'PENALTY_1973_DOWN', 'rptbilling', 'PENALTY', 'PENALTY 1973 DOWN', NULL, '50000', NULL, NULL, '2021-08-16 10:09:54', 'USR7e15465b:14a51353b1a:-7fb7', 'ADMIN', '1', 'RUL2372be5b:17b4cb61bed:-7cda');
INSERT IGNORE INTO `sys_rule` (`objid`, `state`, `name`, `ruleset`, `rulegroup`, `title`, `description`, `salience`, `effectivefrom`, `effectiveto`, `dtfiled`, `user_objid`, `user_name`, `noloop`, `_ukey`) VALUES ('RUL3d5e3584:18478d2e77d:-7c49', 'DEPLOYED', 'PENALTY_1ST_NOT_PAID_ONTIME', 'rptbilling', 'AFTER_PENALTY', 'PENALTY 1ST NOT PAID ONTIME', NULL, '50000', NULL, NULL, '2022-11-15 09:11:25', 'USR7e15465b:14a51353b1a:-7fb7', 'ADMIN', '1', '');
INSERT IGNORE INTO `sys_rule` (`objid`, `state`, `name`, `ruleset`, `rulegroup`, `title`, `description`, `salience`, `effectivefrom`, `effectiveto`, `dtfiled`, `user_objid`, `user_name`, `noloop`, `_ukey`) VALUES ('RUL483027b0:16be9375c61:-77e6', 'DEPLOYED', 'BASIC_AND_SEF_TAX', 'rptledger', 'TAX', 'BASIC AND SEF TAX', NULL, '50000', NULL, NULL, '2019-07-13 10:51:37', 'USR-ADMIN', 'ADMIN', '1', 'RUL483027b0:16be9375c61:-77e6');
INSERT IGNORE INTO `sys_rule` (`objid`, `state`, `name`, `ruleset`, `rulegroup`, `title`, `description`, `salience`, `effectivefrom`, `effectiveto`, `dtfiled`, `user_objid`, `user_name`, `noloop`, `_ukey`) VALUES ('RUL7c9b26f3:17c2a7f2220:-737c', 'DEPLOYED', 'PENALTY_CY', 'rptbilling', 'PENALTY', 'PENALTY CY', NULL, '50000', NULL, NULL, '2021-09-28 12:00:07', 'USR7e15465b:14a51353b1a:-7fb7', 'ADMIN', '1', 'RUL7c9b26f3:17c2a7f2220:-737c');
INSERT IGNORE INTO `sys_rule` (`objid`, `state`, `name`, `ruleset`, `rulegroup`, `title`, `description`, `salience`, `effectivefrom`, `effectiveto`, `dtfiled`, `user_objid`, `user_name`, `noloop`, `_ukey`) VALUES ('RUL7e02b404:166ae687f42:-5511', 'DEPLOYED', 'PENALTY_CURRENT_YEAR', 'rptbilling', 'PENALTY', 'PENALTY_CURRENT_YEAR', NULL, '50000', NULL, NULL, '2018-10-25 23:53:42', 'USR6de55768:158e0e57805:-74f2', 'ADMIN', '1', 'RUL7e02b404:166ae687f42:-5511');
INSERT IGNORE INTO `sys_rule` (`objid`, `state`, `name`, `ruleset`, `rulegroup`, `title`, `description`, `salience`, `effectivefrom`, `effectiveto`, `dtfiled`, `user_objid`, `user_name`, `noloop`, `_ukey`) VALUES ('RULec9d7ab:166235c2e16:-255e', 'DEPLOYED', 'BUILD_BILL_ITEMS', 'rptbilling', 'AFTER_SUMMARY', 'BUILD BILL ITEMS', NULL, '50000', NULL, NULL, '2018-09-29 00:27:14', 'USR-ADMIN', 'ADMIN', '1', 'RULec9d7ab:166235c2e16:-255e');
INSERT IGNORE INTO `sys_rule` (`objid`, `state`, `name`, `ruleset`, `rulegroup`, `title`, `description`, `salience`, `effectivefrom`, `effectiveto`, `dtfiled`, `user_objid`, `user_name`, `noloop`, `_ukey`) VALUES ('RULec9d7ab:166235c2e16:-26bf', 'DEPLOYED', 'TOTAL_ADVANCE', 'rptbilling', 'SUMMARY', 'TOTAL ADVANCE', NULL, '50000', NULL, NULL, '2018-09-29 00:26:00', 'USR-ADMIN', 'ADMIN', '1', 'RULec9d7ab:166235c2e16:-26bf');
INSERT IGNORE INTO `sys_rule` (`objid`, `state`, `name`, `ruleset`, `rulegroup`, `title`, `description`, `salience`, `effectivefrom`, `effectiveto`, `dtfiled`, `user_objid`, `user_name`, `noloop`, `_ukey`) VALUES ('RULec9d7ab:166235c2e16:-26d0', 'DEPLOYED', 'TOTAL_CURRENT', 'rptbilling', 'SUMMARY', 'TOTAL_CURRENT', NULL, '50000', NULL, NULL, '2018-09-29 00:25:49', 'USR-ADMIN', 'ADMIN', '1', 'RULec9d7ab:166235c2e16:-26d0');
INSERT IGNORE INTO `sys_rule` (`objid`, `state`, `name`, `ruleset`, `rulegroup`, `title`, `description`, `salience`, `effectivefrom`, `effectiveto`, `dtfiled`, `user_objid`, `user_name`, `noloop`, `_ukey`) VALUES ('RULec9d7ab:166235c2e16:-2f1f', 'DEPLOYED', 'EXPIRY_DATE_DEFAULT', 'rptbilling', 'BEFORE_SUMMARY', 'EXPIRY DATE DEFAULT', NULL, '10000', NULL, NULL, '2018-09-29 00:17:38', 'USR-ADMIN', 'ADMIN', '1', 'RULec9d7ab:166235c2e16:-2f1f');
INSERT IGNORE INTO `sys_rule` (`objid`, `state`, `name`, `ruleset`, `rulegroup`, `title`, `description`, `salience`, `effectivefrom`, `effectiveto`, `dtfiled`, `user_objid`, `user_name`, `noloop`, `_ukey`) VALUES ('RULec9d7ab:166235c2e16:-319f', 'DEPLOYED', 'EXPIRY_DATE_ADVANCE_YEAR', 'rptbilling', 'BEFORE_SUMMARY', 'EXPIRY_DATE_ADVANCE_YEAR', NULL, '5000', NULL, NULL, '2018-09-29 00:14:01', 'USR-ADMIN', 'ADMIN', '1', 'RULec9d7ab:166235c2e16:-319f');
INSERT IGNORE INTO `sys_rule` (`objid`, `state`, `name`, `ruleset`, `rulegroup`, `title`, `description`, `salience`, `effectivefrom`, `effectiveto`, `dtfiled`, `user_objid`, `user_name`, `noloop`, `_ukey`) VALUES ('RULec9d7ab:166235c2e16:-3811', 'DEPLOYED', 'SPLIT_QUARTERLY_BILLED_ITEMS', 'rptbilling', 'BEFORE_SUMMARY', 'SPLIT QUARTERLY BILLED ITEMS', NULL, '50000', NULL, NULL, '2018-09-29 00:07:10', 'USR-ADMIN', 'ADMIN', '1', 'RULec9d7ab:166235c2e16:-3811');
INSERT IGNORE INTO `sys_rule` (`objid`, `state`, `name`, `ruleset`, `rulegroup`, `title`, `description`, `salience`, `effectivefrom`, `effectiveto`, `dtfiled`, `user_objid`, `user_name`, `noloop`, `_ukey`) VALUES ('RULec9d7ab:166235c2e16:-3c17', 'DEPLOYED', 'AGGREGATE_PREVIOUS_ITEMS', 'rptbilling', 'BEFORE_SUMMARY', 'AGGREGATE PREVIOUS ITEMS', NULL, '60000', NULL, NULL, '2018-09-29 00:05:33', 'USR-ADMIN', 'ADMIN', '1', 'RULec9d7ab:166235c2e16:-3c17');

INSERT IGNORE INTO `sys_rule_deployed` (`objid`, `ruletext`) VALUES ('RUL-1a2d6e9b:1692d429304:-7779', '\npackage rptledger.BASIC_AND_SEF;\nimport rptledger.*;\nimport java.util.*;\nimport com.rameses.rules.common.*;\n\nglobal RuleAction action;\n\nrule \"BASIC_AND_SEF\"\n  agenda-group \"LEDGER_ITEM\"\n  salience 50000\n  no-loop\n when\n    \n    \n    AVINFO: rptis.landtax.facts.AssessedValue (  YR:year,AV:av ) \n   \n  then\n    Map bindings = new HashMap();\n   \n    bindings.put(\"AVINFO\", AVINFO );\n    \n    bindings.put(\"YR\", YR );\n    \n    bindings.put(\"AV\", AV );\n    \n  Map _p0 = new HashMap();\n_p0.put( \"avfact\", AVINFO );\n_p0.put( \"year\", YR );\n_p0.put( \"av\", (new ActionExpression(\"AV\", bindings)) );\naction.execute( \"add-sef\",_p0,drools);\nMap _p1 = new HashMap();\n_p1.put( \"avfact\", AVINFO );\n_p1.put( \"year\", YR );\n_p1.put( \"av\", (new ActionExpression(\"AV\", bindings)) );\naction.execute( \"add-basic\",_p1,drools);\n\nend\n\n\n ');
INSERT IGNORE INTO `sys_rule_deployed` (`objid`, `ruletext`) VALUES ('RUL-2ede6703:16642adb9ce:-7ba0', '\npackage rptbilling.EXPIRY_ADVANCE_BILLING;\nimport rptbilling.*;\nimport java.util.*;\nimport com.rameses.rules.common.*;\n\nglobal RuleAction action;\n\nrule \"EXPIRY_ADVANCE_BILLING\"\n	agenda-group \"BEFORE_SUMMARY\"\n	salience 5000\n	no-loop\n	when\n		\n		\n		BILL: rptis.landtax.facts.Bill (  advancebill == true ,BILLDATE:billdate ) \n		\n	then\n		Map bindings = new HashMap();\n		\n		bindings.put(\"BILL\", BILL );\n		\n		bindings.put(\"BILLDATE\", BILLDATE );\n		\n	Map _p0 = new HashMap();\n_p0.put( \"bill\", BILL );\n_p0.put( \"expr\", (new ActionExpression(\"@MONTHEND( BILLDATE )\", bindings)) );\naction.execute( \"set-bill-expiry\",_p0,drools);\n\nend\n\n\n	');
INSERT IGNORE INTO `sys_rule_deployed` (`objid`, `ruletext`) VALUES ('RUL-44dc6a75:17b9a0317a2:-1b9c', '\npackage rptbilling.DISCOUNT_CURRENT_ANNUAL;\nimport rptbilling.*;\nimport java.util.*;\nimport com.rameses.rules.common.*;\n\nglobal RuleAction action;\n\nrule \"DISCOUNT_CURRENT_ANNUAL\"\n	agenda-group \"DISCOUNT\"\n	salience 50000\n	no-loop\n	when\n		\n		\n		 CurrentDate (  CY:year,CQTR:qtr == 1 ) \n		\n		RLI: rptis.landtax.facts.RPTLedgerItemFact (  year == CY,TAX:amtdue ) \n		\n	then\n		Map bindings = new HashMap();\n		\n		bindings.put(\"CY\", CY );\n		\n		bindings.put(\"RLI\", RLI );\n		\n		bindings.put(\"CQTR\", CQTR );\n		\n		bindings.put(\"TAX\", TAX );\n		\n	Map _p0 = new HashMap();\n_p0.put( \"rptledgeritem\", RLI );\n_p0.put( \"expr\", (new ActionExpression(\"TAX * 0.20\", bindings)) );\naction.execute( \"calc-discount\",_p0,drools);\nMap _p1 = new HashMap();\n_p1.put( \"rptledgeritem\", RLI );\n_p1.put( \"expr\", (new ActionExpression(\"0\", bindings)) );\naction.execute( \"calc-interest\",_p1,drools);\n\nend\n\n\n	');
INSERT IGNORE INTO `sys_rule_deployed` (`objid`, `ruletext`) VALUES ('RUL-44dc6a75:17b9a0317a2:-7555', '\npackage rptbilling.DISCOUNT_CURRENT;\nimport rptbilling.*;\nimport java.util.*;\nimport com.rameses.rules.common.*;\n\nglobal RuleAction action;\n\nrule \"DISCOUNT_CURRENT\"\n	agenda-group \"DISCOUNT\"\n	salience 50000\n	no-loop\n	when\n		\n		\n		 CurrentDate (  CY:year,CQTR:qtr == 1 ) \n		\n		RLI: rptis.landtax.facts.RPTLedgerItemFact (  year == CY,qtr >= CQTR,TAX:amtdue ) \n		\n	then\n		Map bindings = new HashMap();\n		\n		bindings.put(\"CY\", CY );\n		\n		bindings.put(\"RLI\", RLI );\n		\n		bindings.put(\"CQTR\", CQTR );\n		\n		bindings.put(\"TAX\", TAX );\n		\n	Map _p0 = new HashMap();\n_p0.put( \"rptledgeritem\", RLI );\n_p0.put( \"expr\", (new ActionExpression(\"0\", bindings)) );\naction.execute( \"calc-interest\",_p0,drools);\nMap _p1 = new HashMap();\n_p1.put( \"rptledgeritem\", RLI );\n_p1.put( \"expr\", (new ActionExpression(\"TAX * 0.20\", bindings)) );\naction.execute( \"calc-discount\",_p1,drools);\n\nend\n\n\n	');
INSERT IGNORE INTO `sys_rule_deployed` (`objid`, `ruletext`) VALUES ('RUL1262ad19:166ae41b1fb:-7c88', '\npackage rptbilling.TOTAL_PREVIOUS;\nimport rptbilling.*;\nimport java.util.*;\nimport com.rameses.rules.common.*;\n\nglobal RuleAction action;\n\nrule \"TOTAL_PREVIOUS\"\n	agenda-group \"SUMMARY\"\n	salience 50000\n	no-loop\n	when\n		\n		\n		 CurrentDate (  CY:year ) \n		\n		RLI: rptis.landtax.facts.RPTLedgerItemFact (  year < CY ) \n		\n	then\n		Map bindings = new HashMap();\n		\n		bindings.put(\"CY\", CY );\n		\n		bindings.put(\"RLI\", RLI );\n		\n	Map _p0 = new HashMap();\n_p0.put( \"rptledgeritem\", RLI );\n_p0.put( \"revperiod\", \"previous\" );\naction.execute( \"create-tax-summary\",_p0,drools);\n\nend\n\n\n	');
INSERT IGNORE INTO `sys_rule_deployed` (`objid`, `ruletext`) VALUES ('RUL2372be5b:17b4cb61bed:-418b', '\npackage rptbilling.SPLIT_QTR;\nimport rptbilling.*;\nimport java.util.*;\nimport com.rameses.rules.common.*;\n\nglobal RuleAction action;\n\nrule \"SPLIT_QTR\"\n	agenda-group \"INIT\"\n	salience 50000\n	no-loop\n	when\n		\n		\n		 CurrentDate (  CY:year ) \n		\n		RLI: rptis.landtax.facts.RPTLedgerItemFact (  year > CY ) \n		\n	then\n		Map bindings = new HashMap();\n		\n		bindings.put(\"CY\", CY );\n		\n		bindings.put(\"RLI\", RLI );\n		\n	Map _p0 = new HashMap();\n_p0.put( \"rptledgeritem\", RLI );\naction.execute( \"split-by-qtr\",_p0,drools);\n\nend\n\n\n	');
INSERT IGNORE INTO `sys_rule_deployed` (`objid`, `ruletext`) VALUES ('RUL2372be5b:17b4cb61bed:-6b97', '\npackage rptbilling.ADVANCE_DISCOUNT_QTRLY;\nimport rptbilling.*;\nimport java.util.*;\nimport com.rameses.rules.common.*;\n\nglobal RuleAction action;\n\nrule \"ADVANCE_DISCOUNT_QTRLY\"\n	agenda-group \"DISCOUNT\"\n	salience 50000\n	no-loop\n	when\n		\n		\n		 CurrentDate (  CY:year ) \n		\n		RLI: rptis.landtax.facts.RPTLedgerItemFact (  year > CY,qtrlypaymentavailed == true ,TAX:amtdue ) \n		\n	then\n		Map bindings = new HashMap();\n		\n		bindings.put(\"CY\", CY );\n		\n		bindings.put(\"RLI\", RLI );\n		\n		bindings.put(\"TAX\", TAX );\n		\n	Map _p0 = new HashMap();\n_p0.put( \"rptledgeritem\", RLI );\n_p0.put( \"expr\", (new ActionExpression(\"TAX * 0.10\", bindings)) );\naction.execute( \"calc-discount\",_p0,drools);\n\nend\n\n\n	');
INSERT IGNORE INTO `sys_rule_deployed` (`objid`, `ruletext`) VALUES ('RUL2372be5b:17b4cb61bed:-705a', '\npackage rptbilling.ADVANCE_DISCOUNT_20;\nimport rptbilling.*;\nimport java.util.*;\nimport com.rameses.rules.common.*;\n\nglobal RuleAction action;\n\nrule \"ADVANCE_DISCOUNT_20\"\n	agenda-group \"DISCOUNT\"\n	salience 50000\n	no-loop\n	when\n		\n		\n		 CurrentDate (  CY:year,qtr <= 4 ) \n		\n		RLI: rptis.landtax.facts.RPTLedgerItemFact (  year > CY,qtrlypaymentavailed == false ,TAX:amtdue ) \n		\n	then\n		Map bindings = new HashMap();\n		\n		bindings.put(\"CY\", CY );\n		\n		bindings.put(\"RLI\", RLI );\n		\n		bindings.put(\"TAX\", TAX );\n		\n	Map _p0 = new HashMap();\n_p0.put( \"rptledgeritem\", RLI );\n_p0.put( \"expr\", (new ActionExpression(\"TAX * 0.20\", bindings)) );\naction.execute( \"calc-discount\",_p0,drools);\n\nend\n\n\n	');
INSERT IGNORE INTO `sys_rule_deployed` (`objid`, `ruletext`) VALUES ('RUL2372be5b:17b4cb61bed:-7207', '\npackage rptbilling.BACKTAX_ZERO_PENALTY;\nimport rptbilling.*;\nimport java.util.*;\nimport com.rameses.rules.common.*;\n\nglobal RuleAction action;\n\nrule \"BACKTAX_ZERO_PENALTY\"\n	agenda-group \"AFTER_PENALTY\"\n	salience 50000\n	no-loop\n	when\n		\n		\n		RLI: rptis.landtax.facts.RPTLedgerItemFact (  backtax == true  ) \n		\n	then\n		Map bindings = new HashMap();\n		\n		bindings.put(\"RLI\", RLI );\n		\n	Map _p0 = new HashMap();\n_p0.put( \"rptledgeritem\", RLI );\n_p0.put( \"expr\", (new ActionExpression(\"0\", bindings)) );\naction.execute( \"calc-interest\",_p0,drools);\n\nend\n\n\n	');
INSERT IGNORE INTO `sys_rule_deployed` (`objid`, `ruletext`) VALUES ('RUL2372be5b:17b4cb61bed:-79ec', '\npackage rptbilling.PENALTY_1992_LESS_CY;\nimport rptbilling.*;\nimport java.util.*;\nimport com.rameses.rules.common.*;\n\nglobal RuleAction action;\n\nrule \"PENALTY_1992_LESS_CY\"\n	agenda-group \"PENALTY\"\n	salience 50000\n	no-loop\n	when\n		\n		\n		 CurrentDate (  CY:year ) \n		\n		RLI: rptis.landtax.facts.RPTLedgerItemFact (  year < CY,TAX:amtdue,NMON:monthsfromjan,year >= 1992 ) \n		\n	then\n		Map bindings = new HashMap();\n		\n		bindings.put(\"CY\", CY );\n		\n		bindings.put(\"RLI\", RLI );\n		\n		bindings.put(\"TAX\", TAX );\n		\n		bindings.put(\"NMON\", NMON );\n		\n	Map _p0 = new HashMap();\n_p0.put( \"rptledgeritem\", RLI );\n_p0.put( \"expr\", (new ActionExpression(\"@IIF(  NMON * 0.02 > 0.72,  TAX * 0.72 , NMON * 0.02 * TAX  )\", bindings)) );\naction.execute( \"calc-interest\",_p0,drools);\n\nend\n\n\n	');
INSERT IGNORE INTO `sys_rule_deployed` (`objid`, `ruletext`) VALUES ('RUL2372be5b:17b4cb61bed:-7b89', '\npackage rptbilling.PENALTY_1974_TO_1991;\nimport rptbilling.*;\nimport java.util.*;\nimport com.rameses.rules.common.*;\n\nglobal RuleAction action;\n\nrule \"PENALTY_1974_TO_1991\"\n	agenda-group \"PENALTY\"\n	salience 50000\n	no-loop\n	when\n		\n		\n		RLI: rptis.landtax.facts.RPTLedgerItemFact (  year >= 1974,TAX:amtdue,year <= 1991 ) \n		\n	then\n		Map bindings = new HashMap();\n		\n		bindings.put(\"RLI\", RLI );\n		\n		bindings.put(\"TAX\", TAX );\n		\n	Map _p0 = new HashMap();\n_p0.put( \"rptledgeritem\", RLI );\n_p0.put( \"expr\", (new ActionExpression(\"TAX * 0.24\", bindings)) );\naction.execute( \"calc-interest\",_p0,drools);\n\nend\n\n\n	');
INSERT IGNORE INTO `sys_rule_deployed` (`objid`, `ruletext`) VALUES ('RUL2372be5b:17b4cb61bed:-7cda', '\npackage rptbilling.PENALTY_1973_DOWN;\nimport rptbilling.*;\nimport java.util.*;\nimport com.rameses.rules.common.*;\n\nglobal RuleAction action;\n\nrule \"PENALTY_1973_DOWN\"\n	agenda-group \"PENALTY\"\n	salience 50000\n	no-loop\n	when\n		\n		\n		RLI: rptis.landtax.facts.RPTLedgerItemFact (  year <= 1973,TAX:amtdue ) \n		\n	then\n		Map bindings = new HashMap();\n		\n		bindings.put(\"RLI\", RLI );\n		\n		bindings.put(\"TAX\", TAX );\n		\n	Map _p0 = new HashMap();\n_p0.put( \"rptledgeritem\", RLI );\n_p0.put( \"expr\", (new ActionExpression(\"TAX * 0.12\", bindings)) );\naction.execute( \"calc-interest\",_p0,drools);\n\nend\n\n\n	');
INSERT IGNORE INTO `sys_rule_deployed` (`objid`, `ruletext`) VALUES ('RUL3d5e3584:18478d2e77d:-7c49', '\npackage rptbilling.PENALTY_1ST_NOT_PAID_ONTIME;\nimport rptbilling.*;\nimport java.util.*;\nimport com.rameses.rules.common.*;\n\nglobal RuleAction action;\n\nrule \"PENALTY_1ST_NOT_PAID_ONTIME\"\n	agenda-group \"AFTER_PENALTY\"\n	salience 50000\n	no-loop\n	when\n		\n		\n		RL: rptis.landtax.facts.RPTLedgerFact (  firstqtrpaidontime == false  ) \n		\n		 CurrentDate (  CY:year ) \n		\n		RLI: rptis.landtax.facts.RPTLedgerItemFact (  year == CY,NMON:monthsfromjan,TAX:amtdue ) \n		\n	then\n		Map bindings = new HashMap();\n		\n		bindings.put(\"RL\", RL );\n		\n		bindings.put(\"CY\", CY );\n		\n		bindings.put(\"NMON\", NMON );\n		\n		bindings.put(\"RLI\", RLI );\n		\n		bindings.put(\"TAX\", TAX );\n		\n	Map _p0 = new HashMap();\r\n_p0.put( \"rptledgeritem\", RLI );\r\n_p0.put( \"expr\", (new ActionExpression(\"TAX * NMON * 0.02\", bindings)) );\r\naction.execute( \"calc-interest\",_p0,drools);\r\n\nend\n\n\n	');
INSERT IGNORE INTO `sys_rule_deployed` (`objid`, `ruletext`) VALUES ('RUL483027b0:16be9375c61:-77e6', '\npackage rptledger.BASIC_AND_SEF_TAX;\nimport rptledger.*;\nimport java.util.*;\nimport com.rameses.rules.common.*;\n\nglobal RuleAction action;\n\nrule \"BASIC_AND_SEF_TAX\"\n agenda-group \"TAX\"\n  salience 50000\n  no-loop\n when\n    \n    \n    RLI: rptis.landtax.facts.RPTLedgerItemFact (  AV:av,revtype matches \"basic|sef\" ) \n    \n  then\n    Map bindings = new HashMap();\n   \n    bindings.put(\"RLI\", RLI );\n    \n    bindings.put(\"AV\", AV );\n    \n  Map _p0 = new HashMap();\n_p0.put( \"rptledgeritem\", RLI );\n_p0.put( \"expr\", (new ActionExpression(\"AV * 0.01\", bindings)) );\naction.execute( \"calc-tax\",_p0,drools);\n\nend\n\n\n ');
INSERT IGNORE INTO `sys_rule_deployed` (`objid`, `ruletext`) VALUES ('RUL7c9b26f3:17c2a7f2220:-737c', '\npackage rptbilling.PENALTY_CY;\nimport rptbilling.*;\nimport java.util.*;\nimport com.rameses.rules.common.*;\n\nglobal RuleAction action;\n\nrule \"PENALTY_CY\"\n	agenda-group \"PENALTY\"\n	salience 50000\n	no-loop\n	when\n		\n		\n		 CurrentDate (  CY:year,CQTR:qtr >= 2 ) \n		\n		RLI: rptis.landtax.facts.RPTLedgerItemFact (  year == CY,NMON:monthsfromjan,TAX:amtdue,qtrlypaymentavailed == false ,revtype matches \"basic|sef\" ) \n		\n	then\n		Map bindings = new HashMap();\n		\n		bindings.put(\"CY\", CY );\n		\n		bindings.put(\"RLI\", RLI );\n		\n		bindings.put(\"NMON\", NMON );\n		\n		bindings.put(\"CQTR\", CQTR );\n		\n		bindings.put(\"TAX\", TAX );\n		\n	Map _p0 = new HashMap();\n_p0.put( \"rptledgeritem\", RLI );\n_p0.put( \"expr\", (new ActionExpression(\"TAX * NMON * 0.02\", bindings)) );\naction.execute( \"calc-interest\",_p0,drools);\n\nend\n\n\n	');
INSERT IGNORE INTO `sys_rule_deployed` (`objid`, `ruletext`) VALUES ('RUL7e02b404:166ae687f42:-5511', '\npackage rptbilling.PENALTY_CURRENT_YEAR;\nimport rptbilling.*;\nimport java.util.*;\nimport com.rameses.rules.common.*;\n\nglobal RuleAction action;\n\nrule \"PENALTY_CURRENT_YEAR\"\n	agenda-group \"PENALTY\"\n	salience 50000\n	no-loop\n	when\n		\n		\n		 CurrentDate (  CY:year,CQTR:qtr > 1 ) \n		\n		RLI: rptis.landtax.facts.RPTLedgerItemFact (  revtype matches \"basic|sef\",year == CY,NMON:monthsfromqtr,qtr < CQTR,TAX:amtdue ) \n		\n	then\n		Map bindings = new HashMap();\n		\n		bindings.put(\"CY\", CY );\n		\n		bindings.put(\"RLI\", RLI );\n		\n		bindings.put(\"CQTR\", CQTR );\n		\n		bindings.put(\"NMON\", NMON );\n		\n		bindings.put(\"TAX\", TAX );\n		\n		bindings.put(\"NMON\", NMON );\n		\n	Map _p0 = new HashMap();\n_p0.put( \"rptledgeritem\", RLI );\n_p0.put( \"expr\", (new ActionExpression(\"TAX * NMON * 0.02\", bindings)) );\naction.execute( \"calc-interest\",_p0,drools);\n\nend\n\n\n	');
INSERT IGNORE INTO `sys_rule_deployed` (`objid`, `ruletext`) VALUES ('RULec9d7ab:166235c2e16:-255e', '\npackage rptbilling.BUILD_BILL_ITEMS;\nimport rptbilling.*;\nimport java.util.*;\nimport com.rameses.rules.common.*;\n\nglobal RuleAction action;\n\nrule \"BUILD_BILL_ITEMS\"\n	agenda-group \"AFTER_SUMMARY\"\n	salience 50000\n	no-loop\n	when\n		\n		\n		RLTS: rptis.landtax.facts.RPTLedgerTaxSummaryFact (   ) \n		\n	then\n		Map bindings = new HashMap();\n		\n		bindings.put(\"RLTS\", RLTS );\n		\n	Map _p0 = new HashMap();\n_p0.put( \"taxsummary\", RLTS );\naction.execute( \"add-billitem\",_p0,drools);\n\nend\n\n\n	');
INSERT IGNORE INTO `sys_rule_deployed` (`objid`, `ruletext`) VALUES ('RULec9d7ab:166235c2e16:-26bf', '\npackage rptbilling.TOTAL_ADVANCE;\nimport rptbilling.*;\nimport java.util.*;\nimport com.rameses.rules.common.*;\n\nglobal RuleAction action;\n\nrule \"TOTAL_ADVANCE\"\n	agenda-group \"SUMMARY\"\n	salience 50000\n	no-loop\n	when\n		\n		\n		 CurrentDate (  CY:year ) \n		\n		RLI: rptis.landtax.facts.RPTLedgerItemFact (  year > CY ) \n		\n	then\n		Map bindings = new HashMap();\n		\n		bindings.put(\"CY\", CY );\n		\n		bindings.put(\"RLI\", RLI );\n		\n	Map _p0 = new HashMap();\n_p0.put( \"rptledgeritem\", RLI );\n_p0.put( \"revperiod\", \"advance\" );\naction.execute( \"create-tax-summary\",_p0,drools);\n\nend\n\n\n	');
INSERT IGNORE INTO `sys_rule_deployed` (`objid`, `ruletext`) VALUES ('RULec9d7ab:166235c2e16:-26d0', '\npackage rptbilling.TOTAL_CURRENT;\nimport rptbilling.*;\nimport java.util.*;\nimport com.rameses.rules.common.*;\n\nglobal RuleAction action;\n\nrule \"TOTAL_CURRENT\"\n	agenda-group \"SUMMARY\"\n	salience 50000\n	no-loop\n	when\n		\n		\n		 CurrentDate (  CY:year ) \n		\n		RLI: rptis.landtax.facts.RPTLedgerItemFact (  year == CY ) \n		\n	then\n		Map bindings = new HashMap();\n		\n		bindings.put(\"CY\", CY );\n		\n		bindings.put(\"RLI\", RLI );\n		\n	Map _p0 = new HashMap();\n_p0.put( \"rptledgeritem\", RLI );\n_p0.put( \"revperiod\", \"current\" );\naction.execute( \"create-tax-summary\",_p0,drools);\n\nend\n\n\n	');
INSERT IGNORE INTO `sys_rule_deployed` (`objid`, `ruletext`) VALUES ('RULec9d7ab:166235c2e16:-2f1f', '\npackage rptbilling.EXPIRY_DATE_DEFAULT;\nimport rptbilling.*;\nimport java.util.*;\nimport com.rameses.rules.common.*;\n\nglobal RuleAction action;\n\nrule \"EXPIRY_DATE_DEFAULT\"\n	agenda-group \"BEFORE_SUMMARY\"\n	salience 10000\n	no-loop\n	when\n		\n		\n		BILL: rptis.landtax.facts.Bill (  CDATE:currentdate ) \n		\n	then\n		Map bindings = new HashMap();\n		\n		bindings.put(\"BILL\", BILL );\n		\n		bindings.put(\"CDATE\", CDATE );\n		\n	Map _p0 = new HashMap();\n_p0.put( \"bill\", BILL );\n_p0.put( \"expr\", (new ActionExpression(\"@MONTHEND( CDATE )\", bindings)) );\naction.execute( \"set-bill-expiry\",_p0,drools);\n\nend\n\n\n	');
INSERT IGNORE INTO `sys_rule_deployed` (`objid`, `ruletext`) VALUES ('RULec9d7ab:166235c2e16:-319f', '\npackage rptbilling.EXPIRY_DATE_ADVANCE_YEAR;\nimport rptbilling.*;\nimport java.util.*;\nimport com.rameses.rules.common.*;\n\nglobal RuleAction action;\n\nrule \"EXPIRY_DATE_ADVANCE_YEAR\"\n	agenda-group \"BEFORE_SUMMARY\"\n	salience 5000\n	no-loop\n	when\n		\n		\n		 CurrentDate (  CY:year ) \n		\n		RL: rptis.landtax.facts.RPTLedgerFact (  lastyearpaid == CY,lastqtrpaid == 4 ) \n		\n		BILL: rptis.landtax.facts.Bill (  billtoyear > CY ) \n		\n	then\n		Map bindings = new HashMap();\n		\n		bindings.put(\"CY\", CY );\n		\n		bindings.put(\"RL\", RL );\n		\n		bindings.put(\"BILL\", BILL );\n		\n	Map _p0 = new HashMap();\n_p0.put( \"bill\", BILL );\n_p0.put( \"expr\", (new ActionExpression(\"@MONTHEND(@DATE(CY, 12, 1));\", bindings)) );\naction.execute( \"set-bill-expiry\",_p0,drools);\n\nend\n\n\n	');
INSERT IGNORE INTO `sys_rule_deployed` (`objid`, `ruletext`) VALUES ('RULec9d7ab:166235c2e16:-3811', '\npackage rptbilling.SPLIT_QUARTERLY_BILLED_ITEMS;\nimport rptbilling.*;\nimport java.util.*;\nimport com.rameses.rules.common.*;\n\nglobal RuleAction action;\n\nrule \"SPLIT_QUARTERLY_BILLED_ITEMS\"\n	agenda-group \"BEFORE_SUMMARY\"\n	salience 50000\n	no-loop\n	when\n		\n		\n		RLI: rptis.landtax.facts.RPTLedgerItemFact (  qtrly == false ,revtype matches \"basic|sef\" ) \n		\n		BILL: rptis.landtax.facts.Bill (  forpayment == true  ) \n		\n	then\n		Map bindings = new HashMap();\n		\n		bindings.put(\"RLI\", RLI );\n		\n		bindings.put(\"BILL\", BILL );\n		\n	Map _p0 = new HashMap();\n_p0.put( \"rptledgeritem\", RLI );\naction.execute( \"split-bill-item\",_p0,drools);\n\nend\n\n\n	');
INSERT IGNORE INTO `sys_rule_deployed` (`objid`, `ruletext`) VALUES ('RULec9d7ab:166235c2e16:-3c17', '\npackage rptbilling.AGGREGATE_PREVIOUS_ITEMS;\nimport rptbilling.*;\nimport java.util.*;\nimport com.rameses.rules.common.*;\n\nglobal RuleAction action;\n\nrule \"AGGREGATE_PREVIOUS_ITEMS\"\n	agenda-group \"BEFORE_SUMMARY\"\n	salience 60000\n	no-loop\n	when\n		\n		\n		 CurrentDate (  CY:year ) \n		\n		RLI: rptis.landtax.facts.RPTLedgerItemFact (  year < CY,qtrly == true  ) \n		\n		BILL: rptis.landtax.facts.Bill (  forpayment == false  ) \n		\n	then\n		Map bindings = new HashMap();\n		\n		bindings.put(\"CY\", CY );\n		\n		bindings.put(\"RLI\", RLI );\n		\n		bindings.put(\"BILL\", BILL );\n		\n	Map _p0 = new HashMap();\n_p0.put( \"rptledgeritem\", RLI );\naction.execute( \"aggregate-bill-item\",_p0,drools);\n\nend\n\n\n	');

INSERT IGNORE INTO `sys_rule_fact` (`objid`, `name`, `title`, `factclass`, `sortorder`, `handler`, `defaultvarname`, `dynamic`, `lookuphandler`, `lookupkey`, `lookupvalue`, `lookupdatatype`, `dynamicfieldname`, `builtinconstraints`, `domain`, `factsuperclass`) VALUES ('CurrentDate', 'CurrentDate', 'Current Date', 'CurrentDate', '1', '', '', NULL, '', '', '', '', '', '', 'LANDTAX', NULL);
INSERT IGNORE INTO `sys_rule_fact` (`objid`, `name`, `title`, `factclass`, `sortorder`, `handler`, `defaultvarname`, `dynamic`, `lookuphandler`, `lookupkey`, `lookupvalue`, `lookupdatatype`, `dynamicfieldname`, `builtinconstraints`, `domain`, `factsuperclass`) VALUES ('rptis.landtax.facts.AssessedValue', 'rptis.landtax.facts.AssessedValue', 'Assessed Value', 'rptis.landtax.facts.AssessedValue', '2', NULL, 'AVINFO', NULL, NULL, NULL, NULL, NULL, NULL, NULL, 'landtax', NULL);
INSERT IGNORE INTO `sys_rule_fact` (`objid`, `name`, `title`, `factclass`, `sortorder`, `handler`, `defaultvarname`, `dynamic`, `lookuphandler`, `lookupkey`, `lookupvalue`, `lookupdatatype`, `dynamicfieldname`, `builtinconstraints`, `domain`, `factsuperclass`) VALUES ('rptis.landtax.facts.Bill', 'rptis.landtax.facts.Bill', 'Bill', 'rptis.landtax.facts.Bill', '2', NULL, 'BILL', NULL, NULL, NULL, NULL, NULL, NULL, NULL, 'landtax', NULL);
INSERT IGNORE INTO `sys_rule_fact` (`objid`, `name`, `title`, `factclass`, `sortorder`, `handler`, `defaultvarname`, `dynamic`, `lookuphandler`, `lookupkey`, `lookupvalue`, `lookupdatatype`, `dynamicfieldname`, `builtinconstraints`, `domain`, `factsuperclass`) VALUES ('rptis.landtax.facts.Classification', 'rptis.landtax.facts.Classification', 'Classification', 'rptis.landtax.facts.Classification', '0', NULL, 'CLASS', NULL, NULL, NULL, NULL, NULL, NULL, NULL, 'landtax', NULL);
INSERT IGNORE INTO `sys_rule_fact` (`objid`, `name`, `title`, `factclass`, `sortorder`, `handler`, `defaultvarname`, `dynamic`, `lookuphandler`, `lookupkey`, `lookupvalue`, `lookupdatatype`, `dynamicfieldname`, `builtinconstraints`, `domain`, `factsuperclass`) VALUES ('rptis.landtax.facts.RPTBillItem', 'rptis.landtax.facts.RPTBillItem', 'Bill Item', 'rptis.landtax.facts.RPTBillItem', '3', NULL, 'BILLITEM', NULL, NULL, NULL, NULL, NULL, NULL, NULL, 'landtax', NULL);
INSERT IGNORE INTO `sys_rule_fact` (`objid`, `name`, `title`, `factclass`, `sortorder`, `handler`, `defaultvarname`, `dynamic`, `lookuphandler`, `lookupkey`, `lookupvalue`, `lookupdatatype`, `dynamicfieldname`, `builtinconstraints`, `domain`, `factsuperclass`) VALUES ('rptis.landtax.facts.RPTIncentive', 'rptis.landtax.facts.RPTIncentive', 'Incentive', 'rptis.landtax.facts.RPTIncentive', '10', NULL, 'INCENTIVE', NULL, NULL, NULL, NULL, NULL, NULL, NULL, 'landtax', NULL);
INSERT IGNORE INTO `sys_rule_fact` (`objid`, `name`, `title`, `factclass`, `sortorder`, `handler`, `defaultvarname`, `dynamic`, `lookuphandler`, `lookupkey`, `lookupvalue`, `lookupdatatype`, `dynamicfieldname`, `builtinconstraints`, `domain`, `factsuperclass`) VALUES ('rptis.landtax.facts.RPTLedgerFact', 'rptis.landtax.facts.RPTLedgerFact', 'Ledger', 'rptis.landtax.facts.RPTLedgerFact', '5', NULL, 'RL', '0', '', '', '', '', '', NULL, 'landtax', NULL);
INSERT IGNORE INTO `sys_rule_fact` (`objid`, `name`, `title`, `factclass`, `sortorder`, `handler`, `defaultvarname`, `dynamic`, `lookuphandler`, `lookupkey`, `lookupvalue`, `lookupdatatype`, `dynamicfieldname`, `builtinconstraints`, `domain`, `factsuperclass`) VALUES ('rptis.landtax.facts.RPTLedgerItemFact', 'rptis.landtax.facts.RPTLedgerItemFact', 'Ledger Item', 'rptis.landtax.facts.RPTLedgerItemFact', '6', NULL, 'RLI', NULL, '', '', '', '', '', NULL, 'landtax', NULL);
INSERT IGNORE INTO `sys_rule_fact` (`objid`, `name`, `title`, `factclass`, `sortorder`, `handler`, `defaultvarname`, `dynamic`, `lookuphandler`, `lookupkey`, `lookupvalue`, `lookupdatatype`, `dynamicfieldname`, `builtinconstraints`, `domain`, `factsuperclass`) VALUES ('rptis.landtax.facts.RPTLedgerTaxSummaryFact', 'rptis.landtax.facts.RPTLedgerTaxSummaryFact', 'Tax Summary', 'rptis.landtax.facts.RPTLedgerTaxSummaryFact', '21', NULL, 'RLTS', NULL, '', '', '', '', '', NULL, 'landtax', NULL);
INSERT IGNORE INTO `sys_rule_fact` (`objid`, `name`, `title`, `factclass`, `sortorder`, `handler`, `defaultvarname`, `dynamic`, `lookuphandler`, `lookupkey`, `lookupvalue`, `lookupdatatype`, `dynamicfieldname`, `builtinconstraints`, `domain`, `factsuperclass`) VALUES ('rptis.landtax.facts.ShareFact', 'rptis.landtax.facts.ShareFact', 'Share', 'rptis.landtax.facts.ShareFact', '50', NULL, 'LSH', NULL, '', '', '', '', '', NULL, 'landtax', NULL);
INSERT IGNORE INTO `sys_rule_fact` (`objid`, `name`, `title`, `factclass`, `sortorder`, `handler`, `defaultvarname`, `dynamic`, `lookuphandler`, `lookupkey`, `lookupvalue`, `lookupdatatype`, `dynamicfieldname`, `builtinconstraints`, `domain`, `factsuperclass`) VALUES ('RULFACT17d6e7ce:141df4b60c2:-7c21', 'assessedvalue', 'Assessed Value Data', 'rptis.landtax.facts.AssessedValueFact', '20', NULL, NULL, NULL, '', '', '', '', '', NULL, 'LANDTAX', NULL);
INSERT IGNORE INTO `sys_rule_fact` (`objid`, `name`, `title`, `factclass`, `sortorder`, `handler`, `defaultvarname`, `dynamic`, `lookuphandler`, `lookupkey`, `lookupvalue`, `lookupdatatype`, `dynamicfieldname`, `builtinconstraints`, `domain`, `factsuperclass`) VALUES ('RULFACT357018a9:1452a5dcbf7:-793b', 'ShareInfoFact', 'LGU Share Info', 'rptis.landtax.facts.ShareInfoFact', '50', NULL, 'LSH', NULL, '', '', '', '', '', NULL, 'LANDTAX', NULL);
INSERT IGNORE INTO `sys_rule_fact` (`objid`, `name`, `title`, `factclass`, `sortorder`, `handler`, `defaultvarname`, `dynamic`, `lookuphandler`, `lookupkey`, `lookupvalue`, `lookupdatatype`, `dynamicfieldname`, `builtinconstraints`, `domain`, `factsuperclass`) VALUES ('RULFACT547c5381:1451ae1cd9c:-75e0', 'paymentoption', 'Payment Option', 'rptis.landtax.facts.PaymentOptionFact', '2', NULL, NULL, NULL, '', '', '', '', '', NULL, 'LANDTAX', NULL);

INSERT IGNORE INTO `sys_rule_fact_field` (`objid`, `parentid`, `name`, `title`, `datatype`, `sortorder`, `handler`, `lookuphandler`, `lookupkey`, `lookupvalue`, `lookupdatatype`, `multivalued`, `required`, `vardatatype`, `lovname`) VALUES ('CurrentDate.day', 'CurrentDate', 'day', 'Day', 'integer', '4', 'integer', '', '', '', '', NULL, NULL, 'integer', '');
INSERT IGNORE INTO `sys_rule_fact_field` (`objid`, `parentid`, `name`, `title`, `datatype`, `sortorder`, `handler`, `lookuphandler`, `lookupkey`, `lookupvalue`, `lookupdatatype`, `multivalued`, `required`, `vardatatype`, `lovname`) VALUES ('CurrentDate.month', 'CurrentDate', 'month', 'Month', 'integer', '3', 'integer', '', '', '', '', NULL, NULL, 'integer', '');
INSERT IGNORE INTO `sys_rule_fact_field` (`objid`, `parentid`, `name`, `title`, `datatype`, `sortorder`, `handler`, `lookuphandler`, `lookupkey`, `lookupvalue`, `lookupdatatype`, `multivalued`, `required`, `vardatatype`, `lovname`) VALUES ('CurrentDate.qtr', 'CurrentDate', 'qtr', 'Quarter', 'integer', '2', 'integer', '', '', '', '', NULL, NULL, 'integer', '');
INSERT IGNORE INTO `sys_rule_fact_field` (`objid`, `parentid`, `name`, `title`, `datatype`, `sortorder`, `handler`, `lookuphandler`, `lookupkey`, `lookupvalue`, `lookupdatatype`, `multivalued`, `required`, `vardatatype`, `lovname`) VALUES ('CurrentDate.year', 'CurrentDate', 'year', 'Year', 'integer', '1', 'integer', '', '', '', '', NULL, NULL, 'integer', '');
INSERT IGNORE INTO `sys_rule_fact_field` (`objid`, `parentid`, `name`, `title`, `datatype`, `sortorder`, `handler`, `lookuphandler`, `lookupkey`, `lookupvalue`, `lookupdatatype`, `multivalued`, `required`, `vardatatype`, `lovname`) VALUES ('FACTFLD-20603cf4:146f0c708c1:-7a25', 'RULFACT357018a9:1452a5dcbf7:-793b', 'lguid', 'LGU', 'string', '4', 'lookup', 'municipality:lookup', 'objid', 'name', NULL, NULL, NULL, 'string', NULL);
INSERT IGNORE INTO `sys_rule_fact_field` (`objid`, `parentid`, `name`, `title`, `datatype`, `sortorder`, `handler`, `lookuphandler`, `lookupkey`, `lookupvalue`, `lookupdatatype`, `multivalued`, `required`, `vardatatype`, `lovname`) VALUES ('FACTFLD17d6e7ce:141df4b60c2:-7c0c', 'RULFACT17d6e7ce:141df4b60c2:-7c21', 'assessedvalue', 'Assessed Value', 'decimal', '2', 'decimal', '', '', '', '', NULL, NULL, 'decimal', '');
INSERT IGNORE INTO `sys_rule_fact_field` (`objid`, `parentid`, `name`, `title`, `datatype`, `sortorder`, `handler`, `lookuphandler`, `lookupkey`, `lookupvalue`, `lookupdatatype`, `multivalued`, `required`, `vardatatype`, `lovname`) VALUES ('FACTFLD17d6e7ce:141df4b60c2:-7c13', 'RULFACT17d6e7ce:141df4b60c2:-7c21', 'year', 'Year', 'integer', '1', 'integer', '', '', '', '', NULL, NULL, 'integer', '');
INSERT IGNORE INTO `sys_rule_fact_field` (`objid`, `parentid`, `name`, `title`, `datatype`, `sortorder`, `handler`, `lookuphandler`, `lookupkey`, `lookupvalue`, `lookupdatatype`, `multivalued`, `required`, `vardatatype`, `lovname`) VALUES ('FACTFLD1be07afa:1452a9809e9:-332b', 'RULFACT357018a9:1452a5dcbf7:-793b', 'lgutype', 'LGU Type', 'string', '1', 'lov', '', '', '', '', NULL, '1', 'string', 'RPT_BILLING_LGU_TYPES');
INSERT IGNORE INTO `sys_rule_fact_field` (`objid`, `parentid`, `name`, `title`, `datatype`, `sortorder`, `handler`, `lookuphandler`, `lookupkey`, `lookupvalue`, `lookupdatatype`, `multivalued`, `required`, `vardatatype`, `lovname`) VALUES ('FACTFLD1be07afa:1452a9809e9:-3ee8', 'RULFACT357018a9:1452a5dcbf7:-793b', 'sefint', 'SEF Interest', 'decimal', '11', 'decimal', '', '', '', '', NULL, '0', 'decimal', '');
INSERT IGNORE INTO `sys_rule_fact_field` (`objid`, `parentid`, `name`, `title`, `datatype`, `sortorder`, `handler`, `lookuphandler`, `lookupkey`, `lookupvalue`, `lookupdatatype`, `multivalued`, `required`, `vardatatype`, `lovname`) VALUES ('FACTFLD1be07afa:1452a9809e9:-3f01', 'RULFACT357018a9:1452a5dcbf7:-793b', 'sefdisc', 'SEF Discount', 'decimal', '10', 'decimal', '', '', '', '', NULL, '0', 'decimal', '');
INSERT IGNORE INTO `sys_rule_fact_field` (`objid`, `parentid`, `name`, `title`, `datatype`, `sortorder`, `handler`, `lookuphandler`, `lookupkey`, `lookupvalue`, `lookupdatatype`, `multivalued`, `required`, `vardatatype`, `lovname`) VALUES ('FACTFLD1be07afa:1452a9809e9:-3f1a', 'RULFACT357018a9:1452a5dcbf7:-793b', 'sef', 'SEF', 'decimal', '9', 'decimal', '', '', '', '', NULL, '0', 'decimal', '');
INSERT IGNORE INTO `sys_rule_fact_field` (`objid`, `parentid`, `name`, `title`, `datatype`, `sortorder`, `handler`, `lookuphandler`, `lookupkey`, `lookupvalue`, `lookupdatatype`, `multivalued`, `required`, `vardatatype`, `lovname`) VALUES ('FACTFLD1be07afa:1452a9809e9:-3f33', 'RULFACT357018a9:1452a5dcbf7:-793b', 'basicint', 'Basic Interest', 'decimal', '8', 'decimal', '', '', '', '', NULL, '0', 'decimal', '');
INSERT IGNORE INTO `sys_rule_fact_field` (`objid`, `parentid`, `name`, `title`, `datatype`, `sortorder`, `handler`, `lookuphandler`, `lookupkey`, `lookupvalue`, `lookupdatatype`, `multivalued`, `required`, `vardatatype`, `lovname`) VALUES ('FACTFLD1be07afa:1452a9809e9:-3f4c', 'RULFACT357018a9:1452a5dcbf7:-793b', 'basicdisc', 'Basic Discount', 'decimal', '7', 'decimal', '', '', '', '', NULL, '0', 'decimal', '');
INSERT IGNORE INTO `sys_rule_fact_field` (`objid`, `parentid`, `name`, `title`, `datatype`, `sortorder`, `handler`, `lookuphandler`, `lookupkey`, `lookupvalue`, `lookupdatatype`, `multivalued`, `required`, `vardatatype`, `lovname`) VALUES ('FACTFLD1be07afa:1452a9809e9:-3f65', 'RULFACT357018a9:1452a5dcbf7:-793b', 'basic', 'Basic', 'decimal', '6', 'decimal', '', '', '', '', NULL, '0', 'decimal', '');
INSERT IGNORE INTO `sys_rule_fact_field` (`objid`, `parentid`, `name`, `title`, `datatype`, `sortorder`, `handler`, `lookuphandler`, `lookupkey`, `lookupvalue`, `lookupdatatype`, `multivalued`, `required`, `vardatatype`, `lovname`) VALUES ('FACTFLD1be07afa:1452a9809e9:-45b2', 'RULFACT357018a9:1452a5dcbf7:-793b', 'revperiod', 'Revenue Period', 'string', '3', 'lov', '', '', '', '', NULL, '0', 'string', 'RPT_REVENUE_PERIODS');
INSERT IGNORE INTO `sys_rule_fact_field` (`objid`, `parentid`, `name`, `title`, `datatype`, `sortorder`, `handler`, `lookuphandler`, `lookupkey`, `lookupvalue`, `lookupdatatype`, `multivalued`, `required`, `vardatatype`, `lovname`) VALUES ('FACTFLD1be07afa:1452a9809e9:-608c', 'RULFACT357018a9:1452a5dcbf7:-793b', 'barangay', 'Barangay', 'string', '5', 'lookup', 'barangay:lookup', 'objid', 'name', '', NULL, NULL, 'string', '');
INSERT IGNORE INTO `sys_rule_fact_field` (`objid`, `parentid`, `name`, `title`, `datatype`, `sortorder`, `handler`, `lookuphandler`, `lookupkey`, `lookupvalue`, `lookupdatatype`, `multivalued`, `required`, `vardatatype`, `lovname`) VALUES ('FACTFLD2701c487:141e346f838:-7f2e', 'RULFACT17d6e7ce:141df4b60c2:-7c21', 'rptledger', 'RPT Ledger', 'string', '3', 'var', '', '', '', '', NULL, NULL, 'rptis.landtax.facts.RPTLedgerFact', '');
INSERT IGNORE INTO `sys_rule_fact_field` (`objid`, `parentid`, `name`, `title`, `datatype`, `sortorder`, `handler`, `lookuphandler`, `lookupkey`, `lookupvalue`, `lookupdatatype`, `multivalued`, `required`, `vardatatype`, `lovname`) VALUES ('FACTFLD357018a9:1452a5dcbf7:-7765', 'RULFACT357018a9:1452a5dcbf7:-793b', 'sharetype', 'Share Type', 'string', '2', 'lov', '', '', '', '', NULL, '0', 'string', 'RPT_BILLING_SHARE_TYPES');
INSERT IGNORE INTO `sys_rule_fact_field` (`objid`, `parentid`, `name`, `title`, `datatype`, `sortorder`, `handler`, `lookuphandler`, `lookupkey`, `lookupvalue`, `lookupdatatype`, `multivalued`, `required`, `vardatatype`, `lovname`) VALUES ('FACTFLD441bb08f:1436c079bff:-7fc1', 'RULFACT17d6e7ce:141df4b60c2:-7c21', 'qtrlyav', 'Quarterly Assessed Value', 'decimal', '4', 'decimal', '', '', '', '', NULL, NULL, 'decimal', '');
INSERT IGNORE INTO `sys_rule_fact_field` (`objid`, `parentid`, `name`, `title`, `datatype`, `sortorder`, `handler`, `lookuphandler`, `lookupkey`, `lookupvalue`, `lookupdatatype`, `multivalued`, `required`, `vardatatype`, `lovname`) VALUES ('FACTFLD547c5381:1451ae1cd9c:-75c6', 'RULFACT547c5381:1451ae1cd9c:-75e0', 'type', 'Type', 'string', '1', 'lov', '', '', '', '', NULL, NULL, 'string', 'RPT_BILLING_PAYMENT_OPTIONS');
INSERT IGNORE INTO `sys_rule_fact_field` (`objid`, `parentid`, `name`, `title`, `datatype`, `sortorder`, `handler`, `lookuphandler`, `lookupkey`, `lookupvalue`, `lookupdatatype`, `multivalued`, `required`, `vardatatype`, `lovname`) VALUES ('rptis.landtax.facts.AssessedValue.actualuse', 'rptis.landtax.facts.AssessedValue', 'actualuse', 'Actual Use', 'string', '4', 'var', 'propertyclassification:lookup', 'objid', 'name', NULL, NULL, '0', 'rptis.landtax.facts.Classification', NULL);
INSERT IGNORE INTO `sys_rule_fact_field` (`objid`, `parentid`, `name`, `title`, `datatype`, `sortorder`, `handler`, `lookuphandler`, `lookupkey`, `lookupvalue`, `lookupdatatype`, `multivalued`, `required`, `vardatatype`, `lovname`) VALUES ('rptis.landtax.facts.AssessedValue.av', 'rptis.landtax.facts.AssessedValue', 'av', 'Assessed Value', 'decimal', '6', 'decimal', NULL, NULL, NULL, NULL, NULL, '1', 'decimal', NULL);
INSERT IGNORE INTO `sys_rule_fact_field` (`objid`, `parentid`, `name`, `title`, `datatype`, `sortorder`, `handler`, `lookuphandler`, `lookupkey`, `lookupvalue`, `lookupdatatype`, `multivalued`, `required`, `vardatatype`, `lovname`) VALUES ('rptis.landtax.facts.AssessedValue.basicav', 'rptis.landtax.facts.AssessedValue', 'basicav', 'Basic Assessed Value', 'decimal', '7', 'decimal', NULL, NULL, NULL, NULL, NULL, NULL, 'decimal', NULL);
INSERT IGNORE INTO `sys_rule_fact_field` (`objid`, `parentid`, `name`, `title`, `datatype`, `sortorder`, `handler`, `lookuphandler`, `lookupkey`, `lookupvalue`, `lookupdatatype`, `multivalued`, `required`, `vardatatype`, `lovname`) VALUES ('rptis.landtax.facts.AssessedValue.classification', 'rptis.landtax.facts.AssessedValue', 'classification', 'Classification', 'string', '3', 'var', 'propertyclassification:lookup', 'objid', 'name', NULL, NULL, NULL, 'rptis.landtax.facts.Classification', NULL);
INSERT IGNORE INTO `sys_rule_fact_field` (`objid`, `parentid`, `name`, `title`, `datatype`, `sortorder`, `handler`, `lookuphandler`, `lookupkey`, `lookupvalue`, `lookupdatatype`, `multivalued`, `required`, `vardatatype`, `lovname`) VALUES ('rptis.landtax.facts.AssessedValue.idleland', 'rptis.landtax.facts.AssessedValue', 'idleland', 'Is Idle Land?', 'boolean', '9', 'boolean', NULL, NULL, NULL, NULL, NULL, NULL, 'boolean', NULL);
INSERT IGNORE INTO `sys_rule_fact_field` (`objid`, `parentid`, `name`, `title`, `datatype`, `sortorder`, `handler`, `lookuphandler`, `lookupkey`, `lookupvalue`, `lookupdatatype`, `multivalued`, `required`, `vardatatype`, `lovname`) VALUES ('rptis.landtax.facts.AssessedValue.rputype', 'rptis.landtax.facts.AssessedValue', 'rputype', 'Property Type', 'string', '1', 'lov', NULL, NULL, NULL, NULL, NULL, NULL, 'string', 'RPT_RPUTYPES');
INSERT IGNORE INTO `sys_rule_fact_field` (`objid`, `parentid`, `name`, `title`, `datatype`, `sortorder`, `handler`, `lookuphandler`, `lookupkey`, `lookupvalue`, `lookupdatatype`, `multivalued`, `required`, `vardatatype`, `lovname`) VALUES ('rptis.landtax.facts.AssessedValue.sefav', 'rptis.landtax.facts.AssessedValue', 'sefav', 'SEF Assessed Value', 'decimal', '8', 'decimal', NULL, NULL, NULL, NULL, NULL, NULL, 'decimal', NULL);
INSERT IGNORE INTO `sys_rule_fact_field` (`objid`, `parentid`, `name`, `title`, `datatype`, `sortorder`, `handler`, `lookuphandler`, `lookupkey`, `lookupvalue`, `lookupdatatype`, `multivalued`, `required`, `vardatatype`, `lovname`) VALUES ('rptis.landtax.facts.AssessedValue.txntype', 'rptis.landtax.facts.AssessedValue', 'txntype', 'Transaction Type', 'string', '2', 'lov', NULL, NULL, NULL, NULL, NULL, NULL, 'string', 'RPT_TXN_TYPES');
INSERT IGNORE INTO `sys_rule_fact_field` (`objid`, `parentid`, `name`, `title`, `datatype`, `sortorder`, `handler`, `lookuphandler`, `lookupkey`, `lookupvalue`, `lookupdatatype`, `multivalued`, `required`, `vardatatype`, `lovname`) VALUES ('rptis.landtax.facts.AssessedValue.year', 'rptis.landtax.facts.AssessedValue', 'year', 'Year', 'integer', '5', 'integer', NULL, NULL, NULL, NULL, NULL, '1', 'integer', NULL);
INSERT IGNORE INTO `sys_rule_fact_field` (`objid`, `parentid`, `name`, `title`, `datatype`, `sortorder`, `handler`, `lookuphandler`, `lookupkey`, `lookupvalue`, `lookupdatatype`, `multivalued`, `required`, `vardatatype`, `lovname`) VALUES ('rptis.landtax.facts.Bill.advancebill', 'rptis.landtax.facts.Bill', 'advancebill', 'Is Advance Billing?', 'boolean', '6', 'boolean', NULL, NULL, NULL, NULL, NULL, NULL, 'boolean', NULL);
INSERT IGNORE INTO `sys_rule_fact_field` (`objid`, `parentid`, `name`, `title`, `datatype`, `sortorder`, `handler`, `lookuphandler`, `lookupkey`, `lookupvalue`, `lookupdatatype`, `multivalued`, `required`, `vardatatype`, `lovname`) VALUES ('rptis.landtax.facts.Bill.billdate', 'rptis.landtax.facts.Bill', 'billdate', 'Bill Date', 'date', '5', 'date', NULL, NULL, NULL, NULL, NULL, NULL, 'date', NULL);
INSERT IGNORE INTO `sys_rule_fact_field` (`objid`, `parentid`, `name`, `title`, `datatype`, `sortorder`, `handler`, `lookuphandler`, `lookupkey`, `lookupvalue`, `lookupdatatype`, `multivalued`, `required`, `vardatatype`, `lovname`) VALUES ('rptis.landtax.facts.Bill.billtoqtr', 'rptis.landtax.facts.Bill', 'billtoqtr', 'Quarter', 'integer', '2', 'integer', NULL, NULL, NULL, NULL, NULL, '0', 'integer', NULL);
INSERT IGNORE INTO `sys_rule_fact_field` (`objid`, `parentid`, `name`, `title`, `datatype`, `sortorder`, `handler`, `lookuphandler`, `lookupkey`, `lookupvalue`, `lookupdatatype`, `multivalued`, `required`, `vardatatype`, `lovname`) VALUES ('rptis.landtax.facts.Bill.billtoyear', 'rptis.landtax.facts.Bill', 'billtoyear', 'Year', 'integer', '1', 'integer', NULL, NULL, NULL, NULL, NULL, NULL, 'integer', NULL);
INSERT IGNORE INTO `sys_rule_fact_field` (`objid`, `parentid`, `name`, `title`, `datatype`, `sortorder`, `handler`, `lookuphandler`, `lookupkey`, `lookupvalue`, `lookupdatatype`, `multivalued`, `required`, `vardatatype`, `lovname`) VALUES ('rptis.landtax.facts.Bill.currentdate', 'rptis.landtax.facts.Bill', 'currentdate', 'Current Date', 'date', '3', 'date', NULL, NULL, NULL, NULL, NULL, NULL, 'date', NULL);
INSERT IGNORE INTO `sys_rule_fact_field` (`objid`, `parentid`, `name`, `title`, `datatype`, `sortorder`, `handler`, `lookuphandler`, `lookupkey`, `lookupvalue`, `lookupdatatype`, `multivalued`, `required`, `vardatatype`, `lovname`) VALUES ('rptis.landtax.facts.Bill.forpayment', 'rptis.landtax.facts.Bill', 'forpayment', 'Is for Payment?', 'boolean', '4', 'boolean', NULL, NULL, NULL, NULL, NULL, NULL, 'boolean', NULL);
INSERT IGNORE INTO `sys_rule_fact_field` (`objid`, `parentid`, `name`, `title`, `datatype`, `sortorder`, `handler`, `lookuphandler`, `lookupkey`, `lookupvalue`, `lookupdatatype`, `multivalued`, `required`, `vardatatype`, `lovname`) VALUES ('rptis.landtax.facts.Classification.objid', 'rptis.landtax.facts.Classification', 'objid', 'Classification', 'string', '1', 'lookup', 'propertyclassification:lookup', 'objid', 'name', NULL, NULL, NULL, 'string', NULL);
INSERT IGNORE INTO `sys_rule_fact_field` (`objid`, `parentid`, `name`, `title`, `datatype`, `sortorder`, `handler`, `lookuphandler`, `lookupkey`, `lookupvalue`, `lookupdatatype`, `multivalued`, `required`, `vardatatype`, `lovname`) VALUES ('rptis.landtax.facts.RPTBillItem.amount', 'rptis.landtax.facts.RPTBillItem', 'amount', 'Amount', 'decimal', '5', 'decimal', NULL, NULL, NULL, NULL, NULL, NULL, 'decimal', NULL);
INSERT IGNORE INTO `sys_rule_fact_field` (`objid`, `parentid`, `name`, `title`, `datatype`, `sortorder`, `handler`, `lookuphandler`, `lookupkey`, `lookupvalue`, `lookupdatatype`, `multivalued`, `required`, `vardatatype`, `lovname`) VALUES ('rptis.landtax.facts.RPTBillItem.parentacctid', 'rptis.landtax.facts.RPTBillItem', 'parentacctid', 'Account', 'string', '1', 'lookup', 'revenueitem:lookup', 'objid', 'title', NULL, NULL, NULL, 'string', NULL);
INSERT IGNORE INTO `sys_rule_fact_field` (`objid`, `parentid`, `name`, `title`, `datatype`, `sortorder`, `handler`, `lookuphandler`, `lookupkey`, `lookupvalue`, `lookupdatatype`, `multivalued`, `required`, `vardatatype`, `lovname`) VALUES ('rptis.landtax.facts.RPTBillItem.revperiod', 'rptis.landtax.facts.RPTBillItem', 'revperiod', 'Revenue Period', 'string', '3', 'lov', NULL, NULL, NULL, NULL, NULL, NULL, 'string', 'RPT_REVENUE_PERIODS');
INSERT IGNORE INTO `sys_rule_fact_field` (`objid`, `parentid`, `name`, `title`, `datatype`, `sortorder`, `handler`, `lookuphandler`, `lookupkey`, `lookupvalue`, `lookupdatatype`, `multivalued`, `required`, `vardatatype`, `lovname`) VALUES ('rptis.landtax.facts.RPTBillItem.revtype', 'rptis.landtax.facts.RPTBillItem', 'revtype', 'Revenue Type', 'string', '2', 'lov', NULL, NULL, NULL, NULL, NULL, NULL, 'string', 'RPT_BILLING_REVENUE_TYPES');
INSERT IGNORE INTO `sys_rule_fact_field` (`objid`, `parentid`, `name`, `title`, `datatype`, `sortorder`, `handler`, `lookuphandler`, `lookupkey`, `lookupvalue`, `lookupdatatype`, `multivalued`, `required`, `vardatatype`, `lovname`) VALUES ('rptis.landtax.facts.RPTBillItem.sharetype', 'rptis.landtax.facts.RPTBillItem', 'sharetype', 'Share Type', 'string', '4', 'lov', NULL, NULL, NULL, NULL, NULL, NULL, 'string', 'RPT_BILLING_LGU_TYPES');
INSERT IGNORE INTO `sys_rule_fact_field` (`objid`, `parentid`, `name`, `title`, `datatype`, `sortorder`, `handler`, `lookuphandler`, `lookupkey`, `lookupvalue`, `lookupdatatype`, `multivalued`, `required`, `vardatatype`, `lovname`) VALUES ('rptis.landtax.facts.RPTIncentive.basicrate', 'rptis.landtax.facts.RPTIncentive', 'basicrate', 'Basic Rate', 'decimal', '2', 'decimal', NULL, NULL, NULL, NULL, NULL, NULL, 'decimal', NULL);
INSERT IGNORE INTO `sys_rule_fact_field` (`objid`, `parentid`, `name`, `title`, `datatype`, `sortorder`, `handler`, `lookuphandler`, `lookupkey`, `lookupvalue`, `lookupdatatype`, `multivalued`, `required`, `vardatatype`, `lovname`) VALUES ('rptis.landtax.facts.RPTIncentive.fromyear', 'rptis.landtax.facts.RPTIncentive', 'fromyear', 'From Year', 'integer', '4', 'integer', NULL, NULL, NULL, NULL, NULL, NULL, 'integer', NULL);
INSERT IGNORE INTO `sys_rule_fact_field` (`objid`, `parentid`, `name`, `title`, `datatype`, `sortorder`, `handler`, `lookuphandler`, `lookupkey`, `lookupvalue`, `lookupdatatype`, `multivalued`, `required`, `vardatatype`, `lovname`) VALUES ('rptis.landtax.facts.RPTIncentive.rptledger', 'rptis.landtax.facts.RPTIncentive', 'rptledger', 'Ledger', 'string', '1', 'var', NULL, NULL, NULL, NULL, NULL, NULL, 'rptis.landtax.facts.RPTLedgerFact', NULL);
INSERT IGNORE INTO `sys_rule_fact_field` (`objid`, `parentid`, `name`, `title`, `datatype`, `sortorder`, `handler`, `lookuphandler`, `lookupkey`, `lookupvalue`, `lookupdatatype`, `multivalued`, `required`, `vardatatype`, `lovname`) VALUES ('rptis.landtax.facts.RPTIncentive.sefrate', 'rptis.landtax.facts.RPTIncentive', 'sefrate', 'SEF Rate', 'decimal', '3', 'decimal', NULL, NULL, NULL, NULL, NULL, NULL, 'decimal', NULL);
INSERT IGNORE INTO `sys_rule_fact_field` (`objid`, `parentid`, `name`, `title`, `datatype`, `sortorder`, `handler`, `lookuphandler`, `lookupkey`, `lookupvalue`, `lookupdatatype`, `multivalued`, `required`, `vardatatype`, `lovname`) VALUES ('rptis.landtax.facts.RPTIncentive.toyear', 'rptis.landtax.facts.RPTIncentive', 'toyear', 'To Year', 'integer', '5', 'integer', NULL, NULL, NULL, NULL, NULL, NULL, 'integer', NULL);
INSERT IGNORE INTO `sys_rule_fact_field` (`objid`, `parentid`, `name`, `title`, `datatype`, `sortorder`, `handler`, `lookuphandler`, `lookupkey`, `lookupvalue`, `lookupdatatype`, `multivalued`, `required`, `vardatatype`, `lovname`) VALUES ('rptis.landtax.facts.RPTLedgerFact.barangay', 'rptis.landtax.facts.RPTLedgerFact', 'barangay', 'Barangay', 'string', '8', 'lookup', 'barangay:lookup', 'objid', 'name', '', NULL, NULL, 'string', '');
INSERT IGNORE INTO `sys_rule_fact_field` (`objid`, `parentid`, `name`, `title`, `datatype`, `sortorder`, `handler`, `lookuphandler`, `lookupkey`, `lookupvalue`, `lookupdatatype`, `multivalued`, `required`, `vardatatype`, `lovname`) VALUES ('rptis.landtax.facts.RPTLedgerFact.barangayid', 'rptis.landtax.facts.RPTLedgerFact', 'barangayid', 'Barangay ID', 'string', '12', 'lookup', 'barangay:lookup', 'objid', 'name', NULL, NULL, NULL, 'string', NULL);
INSERT IGNORE INTO `sys_rule_fact_field` (`objid`, `parentid`, `name`, `title`, `datatype`, `sortorder`, `handler`, `lookuphandler`, `lookupkey`, `lookupvalue`, `lookupdatatype`, `multivalued`, `required`, `vardatatype`, `lovname`) VALUES ('rptis.landtax.facts.RPTLedgerFact.firstqtrpaidontime', 'rptis.landtax.facts.RPTLedgerFact', 'firstqtrpaidontime', '1st Qtr is Paid On-Time', 'boolean', '4', 'boolean', '', '', '', '', NULL, NULL, 'boolean', '');
INSERT IGNORE INTO `sys_rule_fact_field` (`objid`, `parentid`, `name`, `title`, `datatype`, `sortorder`, `handler`, `lookuphandler`, `lookupkey`, `lookupvalue`, `lookupdatatype`, `multivalued`, `required`, `vardatatype`, `lovname`) VALUES ('rptis.landtax.facts.RPTLedgerFact.lastqtrpaid', 'rptis.landtax.facts.RPTLedgerFact', 'lastqtrpaid', 'Last Qtr Paid', 'integer', '3', 'integer', '', '', '', '', NULL, NULL, 'integer', '');
INSERT IGNORE INTO `sys_rule_fact_field` (`objid`, `parentid`, `name`, `title`, `datatype`, `sortorder`, `handler`, `lookuphandler`, `lookupkey`, `lookupvalue`, `lookupdatatype`, `multivalued`, `required`, `vardatatype`, `lovname`) VALUES ('rptis.landtax.facts.RPTLedgerFact.lastyearpaid', 'rptis.landtax.facts.RPTLedgerFact', 'lastyearpaid', 'Last Year Paid', 'integer', '2', 'integer', '', '', '', '', NULL, NULL, 'integer', '');
INSERT IGNORE INTO `sys_rule_fact_field` (`objid`, `parentid`, `name`, `title`, `datatype`, `sortorder`, `handler`, `lookuphandler`, `lookupkey`, `lookupvalue`, `lookupdatatype`, `multivalued`, `required`, `vardatatype`, `lovname`) VALUES ('rptis.landtax.facts.RPTLedgerFact.lguid', 'rptis.landtax.facts.RPTLedgerFact', 'lguid', 'LGU ID', 'string', '11', 'lookup', 'municipality:lookup', 'objid', 'name', NULL, NULL, NULL, 'string', NULL);
INSERT IGNORE INTO `sys_rule_fact_field` (`objid`, `parentid`, `name`, `title`, `datatype`, `sortorder`, `handler`, `lookuphandler`, `lookupkey`, `lookupvalue`, `lookupdatatype`, `multivalued`, `required`, `vardatatype`, `lovname`) VALUES ('rptis.landtax.facts.RPTLedgerFact.missedpayment', 'rptis.landtax.facts.RPTLedgerFact', 'missedpayment', 'Has missed current year Quarterly Payment?', 'boolean', '7', 'boolean', NULL, NULL, NULL, NULL, NULL, NULL, 'boolean', NULL);
INSERT IGNORE INTO `sys_rule_fact_field` (`objid`, `parentid`, `name`, `title`, `datatype`, `sortorder`, `handler`, `lookuphandler`, `lookupkey`, `lookupvalue`, `lookupdatatype`, `multivalued`, `required`, `vardatatype`, `lovname`) VALUES ('rptis.landtax.facts.RPTLedgerFact.objid', 'rptis.landtax.facts.RPTLedgerFact', 'objid', 'Objid', 'string', '1', 'lookup', 'rptledger:lookup', 'objid', 'tdno', NULL, NULL, NULL, 'string', NULL);
INSERT IGNORE INTO `sys_rule_fact_field` (`objid`, `parentid`, `name`, `title`, `datatype`, `sortorder`, `handler`, `lookuphandler`, `lookupkey`, `lookupvalue`, `lookupdatatype`, `multivalued`, `required`, `vardatatype`, `lovname`) VALUES ('rptis.landtax.facts.RPTLedgerFact.parentlguid', 'rptis.landtax.facts.RPTLedgerFact', 'parentlguid', 'Parent LGU', 'string', '10', 'lookup', 'province:lookup', 'objid', 'name', NULL, NULL, NULL, 'string', NULL);
INSERT IGNORE INTO `sys_rule_fact_field` (`objid`, `parentid`, `name`, `title`, `datatype`, `sortorder`, `handler`, `lookuphandler`, `lookupkey`, `lookupvalue`, `lookupdatatype`, `multivalued`, `required`, `vardatatype`, `lovname`) VALUES ('rptis.landtax.facts.RPTLedgerFact.qtrlypaymentpaidontime', 'rptis.landtax.facts.RPTLedgerFact', 'qtrlypaymentpaidontime', 'Quarterly Payment is Paid On-Time', 'boolean', '5', 'boolean', '', '', '', '', NULL, NULL, 'boolean', '');
INSERT IGNORE INTO `sys_rule_fact_field` (`objid`, `parentid`, `name`, `title`, `datatype`, `sortorder`, `handler`, `lookuphandler`, `lookupkey`, `lookupvalue`, `lookupdatatype`, `multivalued`, `required`, `vardatatype`, `lovname`) VALUES ('rptis.landtax.facts.RPTLedgerFact.rputype', 'rptis.landtax.facts.RPTLedgerFact', 'rputype', 'Property Type', 'string', '9', 'lov', '', '', '', '', NULL, NULL, 'string', 'RPT_RPUTYPES');
INSERT IGNORE INTO `sys_rule_fact_field` (`objid`, `parentid`, `name`, `title`, `datatype`, `sortorder`, `handler`, `lookuphandler`, `lookupkey`, `lookupvalue`, `lookupdatatype`, `multivalued`, `required`, `vardatatype`, `lovname`) VALUES ('rptis.landtax.facts.RPTLedgerFact.undercompromise', 'rptis.landtax.facts.RPTLedgerFact', 'undercompromise', 'Is under Compromise?', 'boolean', '6', 'boolean', NULL, NULL, NULL, NULL, NULL, NULL, 'boolean', NULL);
INSERT IGNORE INTO `sys_rule_fact_field` (`objid`, `parentid`, `name`, `title`, `datatype`, `sortorder`, `handler`, `lookuphandler`, `lookupkey`, `lookupvalue`, `lookupdatatype`, `multivalued`, `required`, `vardatatype`, `lovname`) VALUES ('rptis.landtax.facts.RPTLedgerItemFact.actualuse', 'rptis.landtax.facts.RPTLedgerItemFact', 'actualuse', 'Actual Use', 'string', '9', 'lookup', 'propertyclassification:lookup', 'objid', 'name', NULL, NULL, NULL, 'string', NULL);
INSERT IGNORE INTO `sys_rule_fact_field` (`objid`, `parentid`, `name`, `title`, `datatype`, `sortorder`, `handler`, `lookuphandler`, `lookupkey`, `lookupvalue`, `lookupdatatype`, `multivalued`, `required`, `vardatatype`, `lovname`) VALUES ('rptis.landtax.facts.RPTLedgerItemFact.amtdue', 'rptis.landtax.facts.RPTLedgerItemFact', 'amtdue', 'Tax', 'decimal', '21', 'decimal', '', '', '', '', NULL, NULL, 'decimal', '');
INSERT IGNORE INTO `sys_rule_fact_field` (`objid`, `parentid`, `name`, `title`, `datatype`, `sortorder`, `handler`, `lookuphandler`, `lookupkey`, `lookupvalue`, `lookupdatatype`, `multivalued`, `required`, `vardatatype`, `lovname`) VALUES ('rptis.landtax.facts.RPTLedgerItemFact.av', 'rptis.landtax.facts.RPTLedgerItemFact', 'av', 'Assessed Value', 'decimal', '4', 'decimal', '', '', '', '', NULL, NULL, 'decimal', '');
INSERT IGNORE INTO `sys_rule_fact_field` (`objid`, `parentid`, `name`, `title`, `datatype`, `sortorder`, `handler`, `lookuphandler`, `lookupkey`, `lookupvalue`, `lookupdatatype`, `multivalued`, `required`, `vardatatype`, `lovname`) VALUES ('rptis.landtax.facts.RPTLedgerItemFact.backtax', 'rptis.landtax.facts.RPTLedgerItemFact', 'backtax', 'Is Back Tax?', 'boolean', '18', 'boolean', '', '', '', '', NULL, NULL, 'boolean', '');
INSERT IGNORE INTO `sys_rule_fact_field` (`objid`, `parentid`, `name`, `title`, `datatype`, `sortorder`, `handler`, `lookuphandler`, `lookupkey`, `lookupvalue`, `lookupdatatype`, `multivalued`, `required`, `vardatatype`, `lovname`) VALUES ('rptis.landtax.facts.RPTLedgerItemFact.basicav', 'rptis.landtax.facts.RPTLedgerItemFact', 'basicav', 'AV for Basic', 'decimal', '5', 'decimal', NULL, NULL, NULL, NULL, NULL, NULL, 'decimal', NULL);
INSERT IGNORE INTO `sys_rule_fact_field` (`objid`, `parentid`, `name`, `title`, `datatype`, `sortorder`, `handler`, `lookuphandler`, `lookupkey`, `lookupvalue`, `lookupdatatype`, `multivalued`, `required`, `vardatatype`, `lovname`) VALUES ('rptis.landtax.facts.RPTLedgerItemFact.classification', 'rptis.landtax.facts.RPTLedgerItemFact', 'classification', 'Classification', 'string', '8', 'lookup', 'propertyclassification:lookup', 'objid', 'name', '', '0', NULL, 'string', '');
INSERT IGNORE INTO `sys_rule_fact_field` (`objid`, `parentid`, `name`, `title`, `datatype`, `sortorder`, `handler`, `lookuphandler`, `lookupkey`, `lookupvalue`, `lookupdatatype`, `multivalued`, `required`, `vardatatype`, `lovname`) VALUES ('rptis.landtax.facts.RPTLedgerItemFact.discount', 'rptis.landtax.facts.RPTLedgerItemFact', 'discount', 'Discount', 'decimal', '23', 'decimal', NULL, NULL, NULL, NULL, NULL, NULL, 'decimal', NULL);
INSERT IGNORE INTO `sys_rule_fact_field` (`objid`, `parentid`, `name`, `title`, `datatype`, `sortorder`, `handler`, `lookuphandler`, `lookupkey`, `lookupvalue`, `lookupdatatype`, `multivalued`, `required`, `vardatatype`, `lovname`) VALUES ('rptis.landtax.facts.RPTLedgerItemFact.fullypaid', 'rptis.landtax.facts.RPTLedgerItemFact', 'fullypaid', 'Is Fully Paid?', 'boolean', '13', 'boolean', NULL, NULL, NULL, NULL, NULL, NULL, 'boolean', NULL);
INSERT IGNORE INTO `sys_rule_fact_field` (`objid`, `parentid`, `name`, `title`, `datatype`, `sortorder`, `handler`, `lookuphandler`, `lookupkey`, `lookupvalue`, `lookupdatatype`, `multivalued`, `required`, `vardatatype`, `lovname`) VALUES ('rptis.landtax.facts.RPTLedgerItemFact.idleland', 'rptis.landtax.facts.RPTLedgerItemFact', 'idleland', 'Is Idle Land?', 'boolean', '12', 'boolean', NULL, NULL, NULL, NULL, NULL, NULL, 'boolean', NULL);
INSERT IGNORE INTO `sys_rule_fact_field` (`objid`, `parentid`, `name`, `title`, `datatype`, `sortorder`, `handler`, `lookuphandler`, `lookupkey`, `lookupvalue`, `lookupdatatype`, `multivalued`, `required`, `vardatatype`, `lovname`) VALUES ('rptis.landtax.facts.RPTLedgerItemFact.interest', 'rptis.landtax.facts.RPTLedgerItemFact', 'interest', 'Interest', 'decimal', '22', 'decimal', '', '', '', '', NULL, NULL, 'decimal', '');
INSERT IGNORE INTO `sys_rule_fact_field` (`objid`, `parentid`, `name`, `title`, `datatype`, `sortorder`, `handler`, `lookuphandler`, `lookupkey`, `lookupvalue`, `lookupdatatype`, `multivalued`, `required`, `vardatatype`, `lovname`) VALUES ('rptis.landtax.facts.RPTLedgerItemFact.monthsfromjan', 'rptis.landtax.facts.RPTLedgerItemFact', 'monthsfromjan', 'Number of Months from January', 'integer', '17', 'integer', '', '', '', '', NULL, NULL, 'integer', '');
INSERT IGNORE INTO `sys_rule_fact_field` (`objid`, `parentid`, `name`, `title`, `datatype`, `sortorder`, `handler`, `lookuphandler`, `lookupkey`, `lookupvalue`, `lookupdatatype`, `multivalued`, `required`, `vardatatype`, `lovname`) VALUES ('rptis.landtax.facts.RPTLedgerItemFact.monthsfromqtr', 'rptis.landtax.facts.RPTLedgerItemFact', 'monthsfromqtr', 'Number of Months From Quarter', 'integer', '16', 'integer', '', '', '', '', NULL, NULL, 'integer', '');
INSERT IGNORE INTO `sys_rule_fact_field` (`objid`, `parentid`, `name`, `title`, `datatype`, `sortorder`, `handler`, `lookuphandler`, `lookupkey`, `lookupvalue`, `lookupdatatype`, `multivalued`, `required`, `vardatatype`, `lovname`) VALUES ('rptis.landtax.facts.RPTLedgerItemFact.originalav', 'rptis.landtax.facts.RPTLedgerItemFact', 'originalav', 'Original AV', 'decimal', '10', 'decimal', '', '', '', '', NULL, NULL, 'decimal', '');
INSERT IGNORE INTO `sys_rule_fact_field` (`objid`, `parentid`, `name`, `title`, `datatype`, `sortorder`, `handler`, `lookuphandler`, `lookupkey`, `lookupvalue`, `lookupdatatype`, `multivalued`, `required`, `vardatatype`, `lovname`) VALUES ('rptis.landtax.facts.RPTLedgerItemFact.qtr', 'rptis.landtax.facts.RPTLedgerItemFact', 'qtr', 'Qtr', 'integer', '2', 'integer', '', '', '', '', NULL, NULL, 'integer', '');
INSERT IGNORE INTO `sys_rule_fact_field` (`objid`, `parentid`, `name`, `title`, `datatype`, `sortorder`, `handler`, `lookuphandler`, `lookupkey`, `lookupvalue`, `lookupdatatype`, `multivalued`, `required`, `vardatatype`, `lovname`) VALUES ('rptis.landtax.facts.RPTLedgerItemFact.qtrly', 'rptis.landtax.facts.RPTLedgerItemFact', 'qtrly', 'Is quarterly computed?', 'boolean', '24', 'boolean', NULL, NULL, NULL, NULL, NULL, NULL, 'boolean', NULL);
INSERT IGNORE INTO `sys_rule_fact_field` (`objid`, `parentid`, `name`, `title`, `datatype`, `sortorder`, `handler`, `lookuphandler`, `lookupkey`, `lookupvalue`, `lookupdatatype`, `multivalued`, `required`, `vardatatype`, `lovname`) VALUES ('rptis.landtax.facts.RPTLedgerItemFact.qtrlypaymentavailed', 'rptis.landtax.facts.RPTLedgerItemFact', 'qtrlypaymentavailed', 'Is Quarterly Payment?', 'boolean', '14', 'boolean', NULL, NULL, NULL, NULL, NULL, NULL, 'boolean', NULL);
INSERT IGNORE INTO `sys_rule_fact_field` (`objid`, `parentid`, `name`, `title`, `datatype`, `sortorder`, `handler`, `lookuphandler`, `lookupkey`, `lookupvalue`, `lookupdatatype`, `multivalued`, `required`, `vardatatype`, `lovname`) VALUES ('rptis.landtax.facts.RPTLedgerItemFact.reclassed', 'rptis.landtax.facts.RPTLedgerItemFact', 'reclassed', 'Is Reclassed?', 'boolean', '11', 'boolean', '', '', '', '', NULL, NULL, 'boolean', '');
INSERT IGNORE INTO `sys_rule_fact_field` (`objid`, `parentid`, `name`, `title`, `datatype`, `sortorder`, `handler`, `lookuphandler`, `lookupkey`, `lookupvalue`, `lookupdatatype`, `multivalued`, `required`, `vardatatype`, `lovname`) VALUES ('rptis.landtax.facts.RPTLedgerItemFact.revperiod', 'rptis.landtax.facts.RPTLedgerItemFact', 'revperiod', 'Revenue Period', 'string', '20', 'lov', '', '', '', '', NULL, NULL, 'string', 'RPT_REVENUE_PERIODS');
INSERT IGNORE INTO `sys_rule_fact_field` (`objid`, `parentid`, `name`, `title`, `datatype`, `sortorder`, `handler`, `lookuphandler`, `lookupkey`, `lookupvalue`, `lookupdatatype`, `multivalued`, `required`, `vardatatype`, `lovname`) VALUES ('rptis.landtax.facts.RPTLedgerItemFact.revtype', 'rptis.landtax.facts.RPTLedgerItemFact', 'revtype', 'Revenue Type', 'string', '19', 'lov', NULL, NULL, NULL, NULL, NULL, NULL, 'string', 'RPT_BILLING_REVENUE_TYPES');
INSERT IGNORE INTO `sys_rule_fact_field` (`objid`, `parentid`, `name`, `title`, `datatype`, `sortorder`, `handler`, `lookuphandler`, `lookupkey`, `lookupvalue`, `lookupdatatype`, `multivalued`, `required`, `vardatatype`, `lovname`) VALUES ('rptis.landtax.facts.RPTLedgerItemFact.rptledger', 'rptis.landtax.facts.RPTLedgerItemFact', 'rptledger', 'RPT Ledger', 'string', '3', 'var', '', '', '', '', NULL, '0', 'rptis.landtax.facts.RPTLedgerFact', '');
INSERT IGNORE INTO `sys_rule_fact_field` (`objid`, `parentid`, `name`, `title`, `datatype`, `sortorder`, `handler`, `lookuphandler`, `lookupkey`, `lookupvalue`, `lookupdatatype`, `multivalued`, `required`, `vardatatype`, `lovname`) VALUES ('rptis.landtax.facts.RPTLedgerItemFact.sefav', 'rptis.landtax.facts.RPTLedgerItemFact', 'sefav', 'AV for SEF', 'decimal', '6', 'decimal', NULL, NULL, NULL, NULL, NULL, NULL, 'decimal', NULL);
INSERT IGNORE INTO `sys_rule_fact_field` (`objid`, `parentid`, `name`, `title`, `datatype`, `sortorder`, `handler`, `lookuphandler`, `lookupkey`, `lookupvalue`, `lookupdatatype`, `multivalued`, `required`, `vardatatype`, `lovname`) VALUES ('rptis.landtax.facts.RPTLedgerItemFact.taxdifference', 'rptis.landtax.facts.RPTLedgerItemFact', 'taxdifference', 'Is Tax Difference?', 'boolean', '15', 'boolean', NULL, NULL, NULL, NULL, NULL, NULL, 'boolean', NULL);
INSERT IGNORE INTO `sys_rule_fact_field` (`objid`, `parentid`, `name`, `title`, `datatype`, `sortorder`, `handler`, `lookuphandler`, `lookupkey`, `lookupvalue`, `lookupdatatype`, `multivalued`, `required`, `vardatatype`, `lovname`) VALUES ('rptis.landtax.facts.RPTLedgerItemFact.txntype', 'rptis.landtax.facts.RPTLedgerItemFact', 'txntype', 'Txn Type', 'string', '7', 'lov', '', '', '', '', NULL, NULL, 'string', 'RPT_TXN_TYPES');
INSERT IGNORE INTO `sys_rule_fact_field` (`objid`, `parentid`, `name`, `title`, `datatype`, `sortorder`, `handler`, `lookuphandler`, `lookupkey`, `lookupvalue`, `lookupdatatype`, `multivalued`, `required`, `vardatatype`, `lovname`) VALUES ('rptis.landtax.facts.RPTLedgerItemFact.year', 'rptis.landtax.facts.RPTLedgerItemFact', 'year', 'Year', 'integer', '1', 'integer', '', '', '', '', NULL, NULL, 'integer', '');
INSERT IGNORE INTO `sys_rule_fact_field` (`objid`, `parentid`, `name`, `title`, `datatype`, `sortorder`, `handler`, `lookuphandler`, `lookupkey`, `lookupvalue`, `lookupdatatype`, `multivalued`, `required`, `vardatatype`, `lovname`) VALUES ('rptis.landtax.facts.RPTLedgerTaxSummaryFact.amount', 'rptis.landtax.facts.RPTLedgerTaxSummaryFact', 'amount', 'Amount', 'decimal', '6', 'decimal', '', '', '', '', NULL, '0', 'decimal', '');
INSERT IGNORE INTO `sys_rule_fact_field` (`objid`, `parentid`, `name`, `title`, `datatype`, `sortorder`, `handler`, `lookuphandler`, `lookupkey`, `lookupvalue`, `lookupdatatype`, `multivalued`, `required`, `vardatatype`, `lovname`) VALUES ('rptis.landtax.facts.RPTLedgerTaxSummaryFact.discount', 'rptis.landtax.facts.RPTLedgerTaxSummaryFact', 'discount', 'Discount', 'decimal', '7', 'decimal', '', '', '', '', NULL, '0', 'decimal', '');
INSERT IGNORE INTO `sys_rule_fact_field` (`objid`, `parentid`, `name`, `title`, `datatype`, `sortorder`, `handler`, `lookuphandler`, `lookupkey`, `lookupvalue`, `lookupdatatype`, `multivalued`, `required`, `vardatatype`, `lovname`) VALUES ('rptis.landtax.facts.RPTLedgerTaxSummaryFact.firecode', 'rptis.landtax.facts.RPTLedgerTaxSummaryFact', 'firecode', 'Fire Code', 'decimal', '10', 'decimal', '', '', '', '', NULL, NULL, 'decimal', '');
INSERT IGNORE INTO `sys_rule_fact_field` (`objid`, `parentid`, `name`, `title`, `datatype`, `sortorder`, `handler`, `lookuphandler`, `lookupkey`, `lookupvalue`, `lookupdatatype`, `multivalued`, `required`, `vardatatype`, `lovname`) VALUES ('rptis.landtax.facts.RPTLedgerTaxSummaryFact.interest', 'rptis.landtax.facts.RPTLedgerTaxSummaryFact', 'interest', 'Interest', 'decimal', '8', 'decimal', '', '', '', '', NULL, '0', 'decimal', '');
INSERT IGNORE INTO `sys_rule_fact_field` (`objid`, `parentid`, `name`, `title`, `datatype`, `sortorder`, `handler`, `lookuphandler`, `lookupkey`, `lookupvalue`, `lookupdatatype`, `multivalued`, `required`, `vardatatype`, `lovname`) VALUES ('rptis.landtax.facts.RPTLedgerTaxSummaryFact.ledger', 'rptis.landtax.facts.RPTLedgerTaxSummaryFact', 'ledger', 'Ledger', 'string', '1', 'var', NULL, NULL, NULL, NULL, NULL, NULL, 'rptis.landtax.facts.RPTLedgerFact', NULL);
INSERT IGNORE INTO `sys_rule_fact_field` (`objid`, `parentid`, `name`, `title`, `datatype`, `sortorder`, `handler`, `lookuphandler`, `lookupkey`, `lookupvalue`, `lookupdatatype`, `multivalued`, `required`, `vardatatype`, `lovname`) VALUES ('rptis.landtax.facts.RPTLedgerTaxSummaryFact.objid', 'rptis.landtax.facts.RPTLedgerTaxSummaryFact', 'objid', 'Variable Name', 'string', '2', 'lookup', 'rptparameter:lookup', 'name', 'name', '', NULL, '0', 'string', '');
INSERT IGNORE INTO `sys_rule_fact_field` (`objid`, `parentid`, `name`, `title`, `datatype`, `sortorder`, `handler`, `lookuphandler`, `lookupkey`, `lookupvalue`, `lookupdatatype`, `multivalued`, `required`, `vardatatype`, `lovname`) VALUES ('rptis.landtax.facts.RPTLedgerTaxSummaryFact.revperiod', 'rptis.landtax.facts.RPTLedgerTaxSummaryFact', 'revperiod', 'Revenue Period', 'string', '5', 'lov', NULL, NULL, NULL, NULL, NULL, '0', 'string', 'RPT_REVENUE_PERIODS');
INSERT IGNORE INTO `sys_rule_fact_field` (`objid`, `parentid`, `name`, `title`, `datatype`, `sortorder`, `handler`, `lookuphandler`, `lookupkey`, `lookupvalue`, `lookupdatatype`, `multivalued`, `required`, `vardatatype`, `lovname`) VALUES ('rptis.landtax.facts.RPTLedgerTaxSummaryFact.revtype', 'rptis.landtax.facts.RPTLedgerTaxSummaryFact', 'revtype', 'Revenue Type', 'string', '4', 'lov', NULL, NULL, NULL, NULL, NULL, NULL, 'string', 'RPT_BILLING_REVENUE_TYPES');
INSERT IGNORE INTO `sys_rule_fact_field` (`objid`, `parentid`, `name`, `title`, `datatype`, `sortorder`, `handler`, `lookuphandler`, `lookupkey`, `lookupvalue`, `lookupdatatype`, `multivalued`, `required`, `vardatatype`, `lovname`) VALUES ('rptis.landtax.facts.RPTLedgerTaxSummaryFact.rptledger', 'rptis.landtax.facts.RPTLedgerTaxSummaryFact', 'rptledger', 'RPT Ledger', 'string', '3', 'var', '', '', '', '', NULL, NULL, 'rptis.landtax.facts.RPTLedgerFact', '');
INSERT IGNORE INTO `sys_rule_fact_field` (`objid`, `parentid`, `name`, `title`, `datatype`, `sortorder`, `handler`, `lookuphandler`, `lookupkey`, `lookupvalue`, `lookupdatatype`, `multivalued`, `required`, `vardatatype`, `lovname`) VALUES ('rptis.landtax.facts.RPTLedgerTaxSummaryFact.sef', 'rptis.landtax.facts.RPTLedgerTaxSummaryFact', 'sef', 'SEF', 'decimal', '7', 'decimal', '', '', '', '', NULL, '0', 'decimal', '');
INSERT IGNORE INTO `sys_rule_fact_field` (`objid`, `parentid`, `name`, `title`, `datatype`, `sortorder`, `handler`, `lookuphandler`, `lookupkey`, `lookupvalue`, `lookupdatatype`, `multivalued`, `required`, `vardatatype`, `lovname`) VALUES ('rptis.landtax.facts.RPTLedgerTaxSummaryFact.sefdisc', 'rptis.landtax.facts.RPTLedgerTaxSummaryFact', 'sefdisc', 'SEF Discount', 'decimal', '8', 'decimal', '', '', '', '', NULL, '0', 'decimal', '');
INSERT IGNORE INTO `sys_rule_fact_field` (`objid`, `parentid`, `name`, `title`, `datatype`, `sortorder`, `handler`, `lookuphandler`, `lookupkey`, `lookupvalue`, `lookupdatatype`, `multivalued`, `required`, `vardatatype`, `lovname`) VALUES ('rptis.landtax.facts.RPTLedgerTaxSummaryFact.sefint', 'rptis.landtax.facts.RPTLedgerTaxSummaryFact', 'sefint', 'SEF Interest', 'decimal', '9', 'decimal', '', '', '', '', NULL, '0', 'decimal', '');
INSERT IGNORE INTO `sys_rule_fact_field` (`objid`, `parentid`, `name`, `title`, `datatype`, `sortorder`, `handler`, `lookuphandler`, `lookupkey`, `lookupvalue`, `lookupdatatype`, `multivalued`, `required`, `vardatatype`, `lovname`) VALUES ('rptis.landtax.facts.RPTLedgerTaxSummaryFact.sh', 'rptis.landtax.facts.RPTLedgerTaxSummaryFact', 'sh', 'Socialized Housing Tax', 'decimal', '11', 'decimal', NULL, NULL, NULL, NULL, NULL, NULL, 'decimal', NULL);
INSERT IGNORE INTO `sys_rule_fact_field` (`objid`, `parentid`, `name`, `title`, `datatype`, `sortorder`, `handler`, `lookuphandler`, `lookupkey`, `lookupvalue`, `lookupdatatype`, `multivalued`, `required`, `vardatatype`, `lovname`) VALUES ('rptis.landtax.facts.RPTLedgerTaxSummaryFact.shdisc', 'rptis.landtax.facts.RPTLedgerTaxSummaryFact', 'shdisc', 'Socialized Housing Discount', 'decimal', '13', 'decimal', NULL, NULL, NULL, NULL, NULL, NULL, 'decimal', NULL);
INSERT IGNORE INTO `sys_rule_fact_field` (`objid`, `parentid`, `name`, `title`, `datatype`, `sortorder`, `handler`, `lookuphandler`, `lookupkey`, `lookupvalue`, `lookupdatatype`, `multivalued`, `required`, `vardatatype`, `lovname`) VALUES ('rptis.landtax.facts.RPTLedgerTaxSummaryFact.shint', 'rptis.landtax.facts.RPTLedgerTaxSummaryFact', 'shint', 'Socialized Housing Interest', 'decimal', '12', 'decimal', NULL, NULL, NULL, NULL, NULL, NULL, 'decimal', NULL);
INSERT IGNORE INTO `sys_rule_fact_field` (`objid`, `parentid`, `name`, `title`, `datatype`, `sortorder`, `handler`, `lookuphandler`, `lookupkey`, `lookupvalue`, `lookupdatatype`, `multivalued`, `required`, `vardatatype`, `lovname`) VALUES ('rptis.landtax.facts.ShareFact.amount', 'rptis.landtax.facts.ShareFact', 'amount', 'Amount', 'decimal', '6', 'decimal', NULL, NULL, NULL, NULL, NULL, NULL, 'decimal', NULL);
INSERT IGNORE INTO `sys_rule_fact_field` (`objid`, `parentid`, `name`, `title`, `datatype`, `sortorder`, `handler`, `lookuphandler`, `lookupkey`, `lookupvalue`, `lookupdatatype`, `multivalued`, `required`, `vardatatype`, `lovname`) VALUES ('rptis.landtax.facts.ShareFact.barangay', 'rptis.landtax.facts.ShareFact', 'barangay', 'Barangay', 'string', '7', 'lookup', 'barangay:lookup', 'objid', 'name', '', NULL, NULL, 'string', '');
INSERT IGNORE INTO `sys_rule_fact_field` (`objid`, `parentid`, `name`, `title`, `datatype`, `sortorder`, `handler`, `lookuphandler`, `lookupkey`, `lookupvalue`, `lookupdatatype`, `multivalued`, `required`, `vardatatype`, `lovname`) VALUES ('rptis.landtax.facts.ShareFact.basic', 'rptis.landtax.facts.ShareFact', 'basic', 'Basic', 'decimal', '6', 'decimal', '', '', '', '', NULL, '0', 'decimal', '');
INSERT IGNORE INTO `sys_rule_fact_field` (`objid`, `parentid`, `name`, `title`, `datatype`, `sortorder`, `handler`, `lookuphandler`, `lookupkey`, `lookupvalue`, `lookupdatatype`, `multivalued`, `required`, `vardatatype`, `lovname`) VALUES ('rptis.landtax.facts.ShareFact.basicdisc', 'rptis.landtax.facts.ShareFact', 'basicdisc', 'Basic Discount', 'decimal', '7', 'decimal', '', '', '', '', NULL, '0', 'decimal', '');
INSERT IGNORE INTO `sys_rule_fact_field` (`objid`, `parentid`, `name`, `title`, `datatype`, `sortorder`, `handler`, `lookuphandler`, `lookupkey`, `lookupvalue`, `lookupdatatype`, `multivalued`, `required`, `vardatatype`, `lovname`) VALUES ('rptis.landtax.facts.ShareFact.basicint', 'rptis.landtax.facts.ShareFact', 'basicint', 'Basic Interest', 'decimal', '8', 'decimal', '', '', '', '', NULL, '0', 'decimal', '');
INSERT IGNORE INTO `sys_rule_fact_field` (`objid`, `parentid`, `name`, `title`, `datatype`, `sortorder`, `handler`, `lookuphandler`, `lookupkey`, `lookupvalue`, `lookupdatatype`, `multivalued`, `required`, `vardatatype`, `lovname`) VALUES ('rptis.landtax.facts.ShareFact.discount', 'rptis.landtax.facts.ShareFact', 'discount', 'Discount', 'decimal', '8', 'decimal', NULL, NULL, NULL, NULL, NULL, NULL, 'decimal', NULL);
INSERT IGNORE INTO `sys_rule_fact_field` (`objid`, `parentid`, `name`, `title`, `datatype`, `sortorder`, `handler`, `lookuphandler`, `lookupkey`, `lookupvalue`, `lookupdatatype`, `multivalued`, `required`, `vardatatype`, `lovname`) VALUES ('rptis.landtax.facts.ShareFact.lguid', 'rptis.landtax.facts.ShareFact', 'lguid', 'LGU', 'string', '5', 'lookup', 'municipality:lookup', 'objid', 'name', NULL, NULL, NULL, 'string', NULL);
INSERT IGNORE INTO `sys_rule_fact_field` (`objid`, `parentid`, `name`, `title`, `datatype`, `sortorder`, `handler`, `lookuphandler`, `lookupkey`, `lookupvalue`, `lookupdatatype`, `multivalued`, `required`, `vardatatype`, `lovname`) VALUES ('rptis.landtax.facts.ShareFact.lgutype', 'rptis.landtax.facts.ShareFact', 'lgutype', 'LGU Type', 'string', '1', 'lov', '', '', '', '', NULL, '1', 'string', 'RPT_BILLING_LGU_TYPES');
INSERT IGNORE INTO `sys_rule_fact_field` (`objid`, `parentid`, `name`, `title`, `datatype`, `sortorder`, `handler`, `lookuphandler`, `lookupkey`, `lookupvalue`, `lookupdatatype`, `multivalued`, `required`, `vardatatype`, `lovname`) VALUES ('rptis.landtax.facts.ShareFact.revperiod', 'rptis.landtax.facts.ShareFact', 'revperiod', 'Revenue Period', 'string', '4', 'lov', '', '', '', '', NULL, '1', 'string', 'RPT_REVENUE_PERIODS');
INSERT IGNORE INTO `sys_rule_fact_field` (`objid`, `parentid`, `name`, `title`, `datatype`, `sortorder`, `handler`, `lookuphandler`, `lookupkey`, `lookupvalue`, `lookupdatatype`, `multivalued`, `required`, `vardatatype`, `lovname`) VALUES ('rptis.landtax.facts.ShareFact.revtype', 'rptis.landtax.facts.ShareFact', 'revtype', 'Revenue Type', 'string', '3', 'lov', NULL, NULL, NULL, NULL, NULL, '1', 'string', 'RPT_BILLING_REVENUE_TYPES');
INSERT IGNORE INTO `sys_rule_fact_field` (`objid`, `parentid`, `name`, `title`, `datatype`, `sortorder`, `handler`, `lookuphandler`, `lookupkey`, `lookupvalue`, `lookupdatatype`, `multivalued`, `required`, `vardatatype`, `lovname`) VALUES ('rptis.landtax.facts.ShareFact.sef', 'rptis.landtax.facts.ShareFact', 'sef', 'SEF', 'decimal', '9', 'decimal', '', '', '', '', NULL, '0', 'decimal', '');
INSERT IGNORE INTO `sys_rule_fact_field` (`objid`, `parentid`, `name`, `title`, `datatype`, `sortorder`, `handler`, `lookuphandler`, `lookupkey`, `lookupvalue`, `lookupdatatype`, `multivalued`, `required`, `vardatatype`, `lovname`) VALUES ('rptis.landtax.facts.ShareFact.sefdisc', 'rptis.landtax.facts.ShareFact', 'sefdisc', 'SEF Discount', 'decimal', '10', 'decimal', '', '', '', '', NULL, '0', 'decimal', '');
INSERT IGNORE INTO `sys_rule_fact_field` (`objid`, `parentid`, `name`, `title`, `datatype`, `sortorder`, `handler`, `lookuphandler`, `lookupkey`, `lookupvalue`, `lookupdatatype`, `multivalued`, `required`, `vardatatype`, `lovname`) VALUES ('rptis.landtax.facts.ShareFact.sefint', 'rptis.landtax.facts.ShareFact', 'sefint', 'SEF Interest', 'decimal', '11', 'decimal', '', '', '', '', NULL, '0', 'decimal', '');
INSERT IGNORE INTO `sys_rule_fact_field` (`objid`, `parentid`, `name`, `title`, `datatype`, `sortorder`, `handler`, `lookuphandler`, `lookupkey`, `lookupvalue`, `lookupdatatype`, `multivalued`, `required`, `vardatatype`, `lovname`) VALUES ('rptis.landtax.facts.ShareFact.sh', 'rptis.landtax.facts.ShareFact', 'sh', 'Socialized Housing Tax', 'decimal', '12', 'decimal', NULL, NULL, NULL, NULL, NULL, NULL, 'decimal', NULL);
INSERT IGNORE INTO `sys_rule_fact_field` (`objid`, `parentid`, `name`, `title`, `datatype`, `sortorder`, `handler`, `lookuphandler`, `lookupkey`, `lookupvalue`, `lookupdatatype`, `multivalued`, `required`, `vardatatype`, `lovname`) VALUES ('rptis.landtax.facts.ShareFact.sharetype', 'rptis.landtax.facts.ShareFact', 'sharetype', 'Share Type', 'string', '2', 'lov', '', '', '', '', NULL, '1', 'string', 'RPT_BILLING_SHARE_TYPES');
INSERT IGNORE INTO `sys_rule_fact_field` (`objid`, `parentid`, `name`, `title`, `datatype`, `sortorder`, `handler`, `lookuphandler`, `lookupkey`, `lookupvalue`, `lookupdatatype`, `multivalued`, `required`, `vardatatype`, `lovname`) VALUES ('rptis.landtax.facts.ShareFact.shdisc', 'rptis.landtax.facts.ShareFact', 'shdisc', 'Socialized Housing Discount', 'decimal', '14', 'decimal', NULL, NULL, NULL, NULL, NULL, NULL, 'decimal', NULL);
INSERT IGNORE INTO `sys_rule_fact_field` (`objid`, `parentid`, `name`, `title`, `datatype`, `sortorder`, `handler`, `lookuphandler`, `lookupkey`, `lookupvalue`, `lookupdatatype`, `multivalued`, `required`, `vardatatype`, `lovname`) VALUES ('rptis.landtax.facts.ShareFact.shint', 'rptis.landtax.facts.ShareFact', 'shint', 'Socialized Housing Interest', 'decimal', '13', 'decimal', NULL, NULL, NULL, NULL, NULL, NULL, 'decimal', NULL);

INSERT IGNORE INTO `sys_rule_condition` (`objid`, `parentid`, `fact_name`, `fact_objid`, `varname`, `pos`, `ruletext`, `displaytext`, `dynamic_datatype`, `dynamic_key`, `dynamic_value`, `notexist`) VALUES ('RC-17442746:16be936f033:-7e86', 'RUL483027b0:16be9375c61:-77e6', 'rptis.landtax.facts.RPTLedgerItemFact', 'rptis.landtax.facts.RPTLedgerItemFact', 'RLI', '0', NULL, NULL, NULL, NULL, NULL, '0');
INSERT IGNORE INTO `sys_rule_condition` (`objid`, `parentid`, `fact_name`, `fact_objid`, `varname`, `pos`, `ruletext`, `displaytext`, `dynamic_datatype`, `dynamic_key`, `dynamic_value`, `notexist`) VALUES ('RC-43a97d40:17b4cb60c0d:-7e8e', 'RUL2372be5b:17b4cb61bed:-3a38', 'CurrentDate', 'CurrentDate', NULL, '0', NULL, NULL, NULL, NULL, NULL, '0');
INSERT IGNORE INTO `sys_rule_condition` (`objid`, `parentid`, `fact_name`, `fact_objid`, `varname`, `pos`, `ruletext`, `displaytext`, `dynamic_datatype`, `dynamic_key`, `dynamic_value`, `notexist`) VALUES ('RC-43a97d40:17b4cb60c0d:-7e91', 'RUL2372be5b:17b4cb61bed:-3a38', 'rptis.landtax.facts.RPTLedgerItemFact', 'rptis.landtax.facts.RPTLedgerItemFact', 'RLI', '1', NULL, NULL, NULL, NULL, NULL, '0');
INSERT IGNORE INTO `sys_rule_condition` (`objid`, `parentid`, `fact_name`, `fact_objid`, `varname`, `pos`, `ruletext`, `displaytext`, `dynamic_datatype`, `dynamic_key`, `dynamic_value`, `notexist`) VALUES ('RC-43a97d40:17b4cb60c0d:-7e93', 'RUL2372be5b:17b4cb61bed:-3a38', 'rptis.landtax.facts.Bill', 'rptis.landtax.facts.Bill', 'BILL', '2', NULL, NULL, NULL, NULL, NULL, '0');
INSERT IGNORE INTO `sys_rule_condition` (`objid`, `parentid`, `fact_name`, `fact_objid`, `varname`, `pos`, `ruletext`, `displaytext`, `dynamic_datatype`, `dynamic_key`, `dynamic_value`, `notexist`) VALUES ('RC-43a97d40:17b4cb60c0d:-7ec3', 'RUL2372be5b:17b4cb61bed:-418b', 'rptis.landtax.facts.RPTLedgerItemFact', 'rptis.landtax.facts.RPTLedgerItemFact', 'RLI', '1', NULL, NULL, NULL, NULL, NULL, '0');
INSERT IGNORE INTO `sys_rule_condition` (`objid`, `parentid`, `fact_name`, `fact_objid`, `varname`, `pos`, `ruletext`, `displaytext`, `dynamic_datatype`, `dynamic_key`, `dynamic_value`, `notexist`) VALUES ('RC-43a97d40:17b4cb60c0d:-7ec5', 'RUL2372be5b:17b4cb61bed:-418b', 'CurrentDate', 'CurrentDate', NULL, '0', NULL, NULL, NULL, NULL, NULL, '0');
INSERT IGNORE INTO `sys_rule_condition` (`objid`, `parentid`, `fact_name`, `fact_objid`, `varname`, `pos`, `ruletext`, `displaytext`, `dynamic_datatype`, `dynamic_key`, `dynamic_value`, `notexist`) VALUES ('RC-43a97d40:17b4cb60c0d:-7f9a', 'RUL2372be5b:17b4cb61bed:-6b97', 'CurrentDate', 'CurrentDate', NULL, '0', NULL, NULL, NULL, NULL, NULL, '0');
INSERT IGNORE INTO `sys_rule_condition` (`objid`, `parentid`, `fact_name`, `fact_objid`, `varname`, `pos`, `ruletext`, `displaytext`, `dynamic_datatype`, `dynamic_key`, `dynamic_value`, `notexist`) VALUES ('RC-43a97d40:17b4cb60c0d:-7f9e', 'RUL2372be5b:17b4cb61bed:-6b97', 'rptis.landtax.facts.RPTLedgerItemFact', 'rptis.landtax.facts.RPTLedgerItemFact', 'RLI', '1', NULL, NULL, NULL, NULL, NULL, '0');
INSERT IGNORE INTO `sys_rule_condition` (`objid`, `parentid`, `fact_name`, `fact_objid`, `varname`, `pos`, `ruletext`, `displaytext`, `dynamic_datatype`, `dynamic_key`, `dynamic_value`, `notexist`) VALUES ('RC-43a97d40:17b4cb60c0d:-7fbb', 'RUL2372be5b:17b4cb61bed:-79ec', 'CurrentDate', 'CurrentDate', NULL, '0', NULL, NULL, NULL, NULL, NULL, '0');
INSERT IGNORE INTO `sys_rule_condition` (`objid`, `parentid`, `fact_name`, `fact_objid`, `varname`, `pos`, `ruletext`, `displaytext`, `dynamic_datatype`, `dynamic_key`, `dynamic_value`, `notexist`) VALUES ('RC-43a97d40:17b4cb60c0d:-7fbf', 'RUL2372be5b:17b4cb61bed:-79ec', 'rptis.landtax.facts.RPTLedgerItemFact', 'rptis.landtax.facts.RPTLedgerItemFact', 'RLI', '1', NULL, NULL, NULL, NULL, NULL, '0');
INSERT IGNORE INTO `sys_rule_condition` (`objid`, `parentid`, `fact_name`, `fact_objid`, `varname`, `pos`, `ruletext`, `displaytext`, `dynamic_datatype`, `dynamic_key`, `dynamic_value`, `notexist`) VALUES ('RC-43a97d40:17b4cb60c0d:-7fc8', 'RUL2372be5b:17b4cb61bed:-7b89', 'rptis.landtax.facts.RPTLedgerItemFact', 'rptis.landtax.facts.RPTLedgerItemFact', 'RLI', '1', NULL, NULL, NULL, NULL, NULL, '0');
INSERT IGNORE INTO `sys_rule_condition` (`objid`, `parentid`, `fact_name`, `fact_objid`, `varname`, `pos`, `ruletext`, `displaytext`, `dynamic_datatype`, `dynamic_key`, `dynamic_value`, `notexist`) VALUES ('RC-43a97d40:17b4cb60c0d:-7fd6', 'RUL2372be5b:17b4cb61bed:-7cda', 'rptis.landtax.facts.RPTLedgerItemFact', 'rptis.landtax.facts.RPTLedgerItemFact', 'RLI', '1', NULL, NULL, NULL, NULL, NULL, '0');
INSERT IGNORE INTO `sys_rule_condition` (`objid`, `parentid`, `fact_name`, `fact_objid`, `varname`, `pos`, `ruletext`, `displaytext`, `dynamic_datatype`, `dynamic_key`, `dynamic_value`, `notexist`) VALUES ('RC-521c9281:18478d47600:-7f95', 'RUL3d5e3584:18478d2e77d:-7c49', 'rptis.landtax.facts.RPTLedgerItemFact', 'rptis.landtax.facts.RPTLedgerItemFact', 'RLI', '2', NULL, NULL, NULL, NULL, NULL, '0');
INSERT IGNORE INTO `sys_rule_condition` (`objid`, `parentid`, `fact_name`, `fact_objid`, `varname`, `pos`, `ruletext`, `displaytext`, `dynamic_datatype`, `dynamic_key`, `dynamic_value`, `notexist`) VALUES ('RC-521c9281:18478d47600:-7f97', 'RUL3d5e3584:18478d2e77d:-7c49', 'CurrentDate', 'CurrentDate', NULL, '1', NULL, NULL, NULL, NULL, NULL, '0');
INSERT IGNORE INTO `sys_rule_condition` (`objid`, `parentid`, `fact_name`, `fact_objid`, `varname`, `pos`, `ruletext`, `displaytext`, `dynamic_datatype`, `dynamic_key`, `dynamic_value`, `notexist`) VALUES ('RC-521c9281:18478d47600:-7f99', 'RUL3d5e3584:18478d2e77d:-7c49', 'rptis.landtax.facts.RPTLedgerFact', 'rptis.landtax.facts.RPTLedgerFact', 'RL', '0', NULL, NULL, NULL, NULL, NULL, '0');
INSERT IGNORE INTO `sys_rule_condition` (`objid`, `parentid`, `fact_name`, `fact_objid`, `varname`, `pos`, `ruletext`, `displaytext`, `dynamic_datatype`, `dynamic_key`, `dynamic_value`, `notexist`) VALUES ('RC440e47f4:166ae4152f1:-7fbe', 'RUL1262ad19:166ae41b1fb:-7c88', 'CurrentDate', 'CurrentDate', NULL, '0', NULL, NULL, NULL, NULL, NULL, '0');
INSERT IGNORE INTO `sys_rule_condition` (`objid`, `parentid`, `fact_name`, `fact_objid`, `varname`, `pos`, `ruletext`, `displaytext`, `dynamic_datatype`, `dynamic_key`, `dynamic_value`, `notexist`) VALUES ('RC440e47f4:166ae4152f1:-7fc0', 'RUL1262ad19:166ae41b1fb:-7c88', 'rptis.landtax.facts.RPTLedgerItemFact', 'rptis.landtax.facts.RPTLedgerItemFact', 'RLI', '1', NULL, NULL, NULL, NULL, NULL, '0');
INSERT IGNORE INTO `sys_rule_condition` (`objid`, `parentid`, `fact_name`, `fact_objid`, `varname`, `pos`, `ruletext`, `displaytext`, `dynamic_datatype`, `dynamic_key`, `dynamic_value`, `notexist`) VALUES ('RC70978a15:166ae6875d1:-7f22', 'RUL7e02b404:166ae687f42:-5511', 'rptis.landtax.facts.RPTLedgerItemFact', 'rptis.landtax.facts.RPTLedgerItemFact', 'RLI', '1', NULL, NULL, NULL, NULL, NULL, '0');
INSERT IGNORE INTO `sys_rule_condition` (`objid`, `parentid`, `fact_name`, `fact_objid`, `varname`, `pos`, `ruletext`, `displaytext`, `dynamic_datatype`, `dynamic_key`, `dynamic_value`, `notexist`) VALUES ('RC70978a15:166ae6875d1:-7f24', 'RUL7e02b404:166ae687f42:-5511', 'CurrentDate', 'CurrentDate', NULL, '0', NULL, NULL, NULL, NULL, NULL, '0');
INSERT IGNORE INTO `sys_rule_condition` (`objid`, `parentid`, `fact_name`, `fact_objid`, `varname`, `pos`, `ruletext`, `displaytext`, `dynamic_datatype`, `dynamic_key`, `dynamic_value`, `notexist`) VALUES ('RC7280357:166235c1be7:-7fad', 'RULec9d7ab:166235c2e16:-26bf', 'CurrentDate', 'CurrentDate', NULL, '0', NULL, NULL, NULL, NULL, NULL, '0');
INSERT IGNORE INTO `sys_rule_condition` (`objid`, `parentid`, `fact_name`, `fact_objid`, `varname`, `pos`, `ruletext`, `displaytext`, `dynamic_datatype`, `dynamic_key`, `dynamic_value`, `notexist`) VALUES ('RC7280357:166235c1be7:-7faf', 'RULec9d7ab:166235c2e16:-26bf', 'rptis.landtax.facts.RPTLedgerItemFact', 'rptis.landtax.facts.RPTLedgerItemFact', 'RLI', '1', NULL, NULL, NULL, NULL, NULL, '0');
INSERT IGNORE INTO `sys_rule_condition` (`objid`, `parentid`, `fact_name`, `fact_objid`, `varname`, `pos`, `ruletext`, `displaytext`, `dynamic_datatype`, `dynamic_key`, `dynamic_value`, `notexist`) VALUES ('RC7280357:166235c1be7:-7fb4', 'RULec9d7ab:166235c2e16:-26d0', 'CurrentDate', 'CurrentDate', NULL, '0', NULL, NULL, NULL, NULL, NULL, '0');
INSERT IGNORE INTO `sys_rule_condition` (`objid`, `parentid`, `fact_name`, `fact_objid`, `varname`, `pos`, `ruletext`, `displaytext`, `dynamic_datatype`, `dynamic_key`, `dynamic_value`, `notexist`) VALUES ('RC7280357:166235c1be7:-7fb6', 'RULec9d7ab:166235c2e16:-26d0', 'rptis.landtax.facts.RPTLedgerItemFact', 'rptis.landtax.facts.RPTLedgerItemFact', 'RLI', '1', NULL, NULL, NULL, NULL, NULL, '0');
INSERT IGNORE INTO `sys_rule_condition` (`objid`, `parentid`, `fact_name`, `fact_objid`, `varname`, `pos`, `ruletext`, `displaytext`, `dynamic_datatype`, `dynamic_key`, `dynamic_value`, `notexist`) VALUES ('RC7280357:166235c1be7:-7fbb', 'RULec9d7ab:166235c2e16:-319f', 'CurrentDate', 'CurrentDate', NULL, '0', NULL, NULL, NULL, NULL, NULL, '0');
INSERT IGNORE INTO `sys_rule_condition` (`objid`, `parentid`, `fact_name`, `fact_objid`, `varname`, `pos`, `ruletext`, `displaytext`, `dynamic_datatype`, `dynamic_key`, `dynamic_value`, `notexist`) VALUES ('RC7280357:166235c1be7:-7fbd', 'RULec9d7ab:166235c2e16:-319f', 'rptis.landtax.facts.RPTLedgerFact', 'rptis.landtax.facts.RPTLedgerFact', 'RL', '1', NULL, NULL, NULL, NULL, NULL, '0');
INSERT IGNORE INTO `sys_rule_condition` (`objid`, `parentid`, `fact_name`, `fact_objid`, `varname`, `pos`, `ruletext`, `displaytext`, `dynamic_datatype`, `dynamic_key`, `dynamic_value`, `notexist`) VALUES ('RC7280357:166235c1be7:-7fc0', 'RULec9d7ab:166235c2e16:-319f', 'rptis.landtax.facts.Bill', 'rptis.landtax.facts.Bill', 'BILL', '2', NULL, NULL, NULL, NULL, NULL, '0');
INSERT IGNORE INTO `sys_rule_condition` (`objid`, `parentid`, `fact_name`, `fact_objid`, `varname`, `pos`, `ruletext`, `displaytext`, `dynamic_datatype`, `dynamic_key`, `dynamic_value`, `notexist`) VALUES ('RC7280357:166235c1be7:-7fc7', 'RULec9d7ab:166235c2e16:-3811', 'rptis.landtax.facts.RPTLedgerItemFact', 'rptis.landtax.facts.RPTLedgerItemFact', 'RLI', '1', NULL, NULL, NULL, NULL, NULL, '0');
INSERT IGNORE INTO `sys_rule_condition` (`objid`, `parentid`, `fact_name`, `fact_objid`, `varname`, `pos`, `ruletext`, `displaytext`, `dynamic_datatype`, `dynamic_key`, `dynamic_value`, `notexist`) VALUES ('RC7280357:166235c1be7:-7fc9', 'RULec9d7ab:166235c2e16:-3811', 'rptis.landtax.facts.Bill', 'rptis.landtax.facts.Bill', 'BILL', '2', NULL, NULL, NULL, NULL, NULL, '0');
INSERT IGNORE INTO `sys_rule_condition` (`objid`, `parentid`, `fact_name`, `fact_objid`, `varname`, `pos`, `ruletext`, `displaytext`, `dynamic_datatype`, `dynamic_key`, `dynamic_value`, `notexist`) VALUES ('RC7b0d8ac2:17b97cca47c:-77b1', 'RUL-44dc6a75:17b9a0317a2:-1b9c', 'CurrentDate', 'CurrentDate', NULL, '0', NULL, NULL, NULL, NULL, NULL, '0');
INSERT IGNORE INTO `sys_rule_condition` (`objid`, `parentid`, `fact_name`, `fact_objid`, `varname`, `pos`, `ruletext`, `displaytext`, `dynamic_datatype`, `dynamic_key`, `dynamic_value`, `notexist`) VALUES ('RC7b0d8ac2:17b97cca47c:-77b5', 'RUL-44dc6a75:17b9a0317a2:-1b9c', 'rptis.landtax.facts.RPTLedgerItemFact', 'rptis.landtax.facts.RPTLedgerItemFact', 'RLI', '1', NULL, NULL, NULL, NULL, NULL, '0');
INSERT IGNORE INTO `sys_rule_condition` (`objid`, `parentid`, `fact_name`, `fact_objid`, `varname`, `pos`, `ruletext`, `displaytext`, `dynamic_datatype`, `dynamic_key`, `dynamic_value`, `notexist`) VALUES ('RCOND-1a2d6e9b:1692d429304:-7748', 'RUL-1a2d6e9b:1692d429304:-7779', 'rptis.landtax.facts.AssessedValue', 'rptis.landtax.facts.AssessedValue', 'AVINFO', '0', NULL, NULL, NULL, NULL, NULL, '0');
INSERT IGNORE INTO `sys_rule_condition` (`objid`, `parentid`, `fact_name`, `fact_objid`, `varname`, `pos`, `ruletext`, `displaytext`, `dynamic_datatype`, `dynamic_key`, `dynamic_value`, `notexist`) VALUES ('RCOND-2ede6703:16642adb9ce:-7a39', 'RUL-2ede6703:16642adb9ce:-7ba0', 'rptis.landtax.facts.Bill', 'rptis.landtax.facts.Bill', 'BILL', '0', NULL, NULL, NULL, NULL, NULL, '0');
INSERT IGNORE INTO `sys_rule_condition` (`objid`, `parentid`, `fact_name`, `fact_objid`, `varname`, `pos`, `ruletext`, `displaytext`, `dynamic_datatype`, `dynamic_key`, `dynamic_value`, `notexist`) VALUES ('RCOND-44dc6a75:17b9a0317a2:-7414', 'RUL-44dc6a75:17b9a0317a2:-7555', 'rptis.landtax.facts.RPTLedgerItemFact', 'rptis.landtax.facts.RPTLedgerItemFact', 'RLI', '1', NULL, NULL, NULL, NULL, NULL, '0');
INSERT IGNORE INTO `sys_rule_condition` (`objid`, `parentid`, `fact_name`, `fact_objid`, `varname`, `pos`, `ruletext`, `displaytext`, `dynamic_datatype`, `dynamic_key`, `dynamic_value`, `notexist`) VALUES ('RCOND-44dc6a75:17b9a0317a2:-7509', 'RUL-44dc6a75:17b9a0317a2:-7555', 'CurrentDate', 'CurrentDate', NULL, '0', NULL, NULL, NULL, NULL, NULL, '0');
INSERT IGNORE INTO `sys_rule_condition` (`objid`, `parentid`, `fact_name`, `fact_objid`, `varname`, `pos`, `ruletext`, `displaytext`, `dynamic_datatype`, `dynamic_key`, `dynamic_value`, `notexist`) VALUES ('RCOND2372be5b:17b4cb61bed:-6f13', 'RUL2372be5b:17b4cb61bed:-705a', 'rptis.landtax.facts.RPTLedgerItemFact', 'rptis.landtax.facts.RPTLedgerItemFact', 'RLI', '1', NULL, NULL, NULL, NULL, NULL, '0');
INSERT IGNORE INTO `sys_rule_condition` (`objid`, `parentid`, `fact_name`, `fact_objid`, `varname`, `pos`, `ruletext`, `displaytext`, `dynamic_datatype`, `dynamic_key`, `dynamic_value`, `notexist`) VALUES ('RCOND2372be5b:17b4cb61bed:-7008', 'RUL2372be5b:17b4cb61bed:-705a', 'CurrentDate', 'CurrentDate', NULL, '0', NULL, NULL, NULL, NULL, NULL, '0');
INSERT IGNORE INTO `sys_rule_condition` (`objid`, `parentid`, `fact_name`, `fact_objid`, `varname`, `pos`, `ruletext`, `displaytext`, `dynamic_datatype`, `dynamic_key`, `dynamic_value`, `notexist`) VALUES ('RCOND2372be5b:17b4cb61bed:-71a2', 'RUL2372be5b:17b4cb61bed:-7207', 'rptis.landtax.facts.RPTLedgerItemFact', 'rptis.landtax.facts.RPTLedgerItemFact', 'RLI', '0', NULL, NULL, NULL, NULL, NULL, '0');
INSERT IGNORE INTO `sys_rule_condition` (`objid`, `parentid`, `fact_name`, `fact_objid`, `varname`, `pos`, `ruletext`, `displaytext`, `dynamic_datatype`, `dynamic_key`, `dynamic_value`, `notexist`) VALUES ('RCOND7c9b26f3:17c2a7f2220:-7239', 'RUL7c9b26f3:17c2a7f2220:-737c', 'rptis.landtax.facts.RPTLedgerItemFact', 'rptis.landtax.facts.RPTLedgerItemFact', 'RLI', '1', NULL, NULL, NULL, NULL, NULL, '0');
INSERT IGNORE INTO `sys_rule_condition` (`objid`, `parentid`, `fact_name`, `fact_objid`, `varname`, `pos`, `ruletext`, `displaytext`, `dynamic_datatype`, `dynamic_key`, `dynamic_value`, `notexist`) VALUES ('RCOND7c9b26f3:17c2a7f2220:-7330', 'RUL7c9b26f3:17c2a7f2220:-737c', 'CurrentDate', 'CurrentDate', NULL, '0', NULL, NULL, NULL, NULL, NULL, '0');
INSERT IGNORE INTO `sys_rule_condition` (`objid`, `parentid`, `fact_name`, `fact_objid`, `varname`, `pos`, `ruletext`, `displaytext`, `dynamic_datatype`, `dynamic_key`, `dynamic_value`, `notexist`) VALUES ('RCONDec9d7ab:166235c2e16:-24fc', 'RULec9d7ab:166235c2e16:-255e', 'rptis.landtax.facts.RPTLedgerTaxSummaryFact', 'rptis.landtax.facts.RPTLedgerTaxSummaryFact', 'RLTS', '0', NULL, NULL, NULL, NULL, NULL, '0');
INSERT IGNORE INTO `sys_rule_condition` (`objid`, `parentid`, `fact_name`, `fact_objid`, `varname`, `pos`, `ruletext`, `displaytext`, `dynamic_datatype`, `dynamic_key`, `dynamic_value`, `notexist`) VALUES ('RCONDec9d7ab:166235c2e16:-2ec7', 'RULec9d7ab:166235c2e16:-2f1f', 'rptis.landtax.facts.Bill', 'rptis.landtax.facts.Bill', 'BILL', '0', NULL, NULL, NULL, NULL, NULL, '0');
INSERT IGNORE INTO `sys_rule_condition` (`objid`, `parentid`, `fact_name`, `fact_objid`, `varname`, `pos`, `ruletext`, `displaytext`, `dynamic_datatype`, `dynamic_key`, `dynamic_value`, `notexist`) VALUES ('RCONDec9d7ab:166235c2e16:-3905', 'RULec9d7ab:166235c2e16:-3c17', 'rptis.landtax.facts.Bill', 'rptis.landtax.facts.Bill', 'BILL', '2', NULL, NULL, NULL, NULL, NULL, '0');
INSERT IGNORE INTO `sys_rule_condition` (`objid`, `parentid`, `fact_name`, `fact_objid`, `varname`, `pos`, `ruletext`, `displaytext`, `dynamic_datatype`, `dynamic_key`, `dynamic_value`, `notexist`) VALUES ('RCONDec9d7ab:166235c2e16:-3b0b', 'RULec9d7ab:166235c2e16:-3c17', 'rptis.landtax.facts.RPTLedgerItemFact', 'rptis.landtax.facts.RPTLedgerItemFact', 'RLI', '1', NULL, NULL, NULL, NULL, NULL, '0');
INSERT IGNORE INTO `sys_rule_condition` (`objid`, `parentid`, `fact_name`, `fact_objid`, `varname`, `pos`, `ruletext`, `displaytext`, `dynamic_datatype`, `dynamic_key`, `dynamic_value`, `notexist`) VALUES ('RCONDec9d7ab:166235c2e16:-3baa', 'RULec9d7ab:166235c2e16:-3c17', 'CurrentDate', 'CurrentDate', NULL, '0', NULL, NULL, NULL, NULL, NULL, '0');

INSERT IGNORE INTO `sys_rule_condition_var` (`objid`, `parentid`, `ruleid`, `varname`, `datatype`, `pos`) VALUES ('RC-17442746:16be936f033:-7e86', 'RC-17442746:16be936f033:-7e86', 'RUL483027b0:16be9375c61:-77e6', 'RLI', 'rptis.landtax.facts.RPTLedgerItemFact', '0');
INSERT IGNORE INTO `sys_rule_condition_var` (`objid`, `parentid`, `ruleid`, `varname`, `datatype`, `pos`) VALUES ('RC-43a97d40:17b4cb60c0d:-7e91', 'RC-43a97d40:17b4cb60c0d:-7e91', 'RUL2372be5b:17b4cb61bed:-3a38', 'RLI', 'rptis.landtax.facts.RPTLedgerItemFact', '1');
INSERT IGNORE INTO `sys_rule_condition_var` (`objid`, `parentid`, `ruleid`, `varname`, `datatype`, `pos`) VALUES ('RC-43a97d40:17b4cb60c0d:-7e93', 'RC-43a97d40:17b4cb60c0d:-7e93', 'RUL2372be5b:17b4cb61bed:-3a38', 'BILL', 'rptis.landtax.facts.Bill', '2');
INSERT IGNORE INTO `sys_rule_condition_var` (`objid`, `parentid`, `ruleid`, `varname`, `datatype`, `pos`) VALUES ('RC-43a97d40:17b4cb60c0d:-7ec3', 'RC-43a97d40:17b4cb60c0d:-7ec3', 'RUL2372be5b:17b4cb61bed:-418b', 'RLI', 'rptis.landtax.facts.RPTLedgerItemFact', '1');
INSERT IGNORE INTO `sys_rule_condition_var` (`objid`, `parentid`, `ruleid`, `varname`, `datatype`, `pos`) VALUES ('RC-43a97d40:17b4cb60c0d:-7f9e', 'RC-43a97d40:17b4cb60c0d:-7f9e', 'RUL2372be5b:17b4cb61bed:-6b97', 'RLI', 'rptis.landtax.facts.RPTLedgerItemFact', '1');
INSERT IGNORE INTO `sys_rule_condition_var` (`objid`, `parentid`, `ruleid`, `varname`, `datatype`, `pos`) VALUES ('RC-43a97d40:17b4cb60c0d:-7fbf', 'RC-43a97d40:17b4cb60c0d:-7fbf', 'RUL2372be5b:17b4cb61bed:-79ec', 'RLI', 'rptis.landtax.facts.RPTLedgerItemFact', '1');
INSERT IGNORE INTO `sys_rule_condition_var` (`objid`, `parentid`, `ruleid`, `varname`, `datatype`, `pos`) VALUES ('RC-43a97d40:17b4cb60c0d:-7fc8', 'RC-43a97d40:17b4cb60c0d:-7fc8', 'RUL2372be5b:17b4cb61bed:-7b89', 'RLI', 'rptis.landtax.facts.RPTLedgerItemFact', '1');
INSERT IGNORE INTO `sys_rule_condition_var` (`objid`, `parentid`, `ruleid`, `varname`, `datatype`, `pos`) VALUES ('RC-43a97d40:17b4cb60c0d:-7fd6', 'RC-43a97d40:17b4cb60c0d:-7fd6', 'RUL2372be5b:17b4cb61bed:-7cda', 'RLI', 'rptis.landtax.facts.RPTLedgerItemFact', '1');
INSERT IGNORE INTO `sys_rule_condition_var` (`objid`, `parentid`, `ruleid`, `varname`, `datatype`, `pos`) VALUES ('RC-521c9281:18478d47600:-7f95', 'RC-521c9281:18478d47600:-7f95', 'RUL3d5e3584:18478d2e77d:-7c49', 'RLI', 'rptis.landtax.facts.RPTLedgerItemFact', '2');
INSERT IGNORE INTO `sys_rule_condition_var` (`objid`, `parentid`, `ruleid`, `varname`, `datatype`, `pos`) VALUES ('RC-521c9281:18478d47600:-7f99', 'RC-521c9281:18478d47600:-7f99', 'RUL3d5e3584:18478d2e77d:-7c49', 'RL', 'rptis.landtax.facts.RPTLedgerFact', '0');
INSERT IGNORE INTO `sys_rule_condition_var` (`objid`, `parentid`, `ruleid`, `varname`, `datatype`, `pos`) VALUES ('RC440e47f4:166ae4152f1:-7fc0', 'RC440e47f4:166ae4152f1:-7fc0', 'RUL1262ad19:166ae41b1fb:-7c88', 'RLI', 'rptis.landtax.facts.RPTLedgerItemFact', '1');
INSERT IGNORE INTO `sys_rule_condition_var` (`objid`, `parentid`, `ruleid`, `varname`, `datatype`, `pos`) VALUES ('RC70978a15:166ae6875d1:-7f22', 'RC70978a15:166ae6875d1:-7f22', 'RUL7e02b404:166ae687f42:-5511', 'RLI', 'rptis.landtax.facts.RPTLedgerItemFact', '1');
INSERT IGNORE INTO `sys_rule_condition_var` (`objid`, `parentid`, `ruleid`, `varname`, `datatype`, `pos`) VALUES ('RC7280357:166235c1be7:-7faf', 'RC7280357:166235c1be7:-7faf', 'RULec9d7ab:166235c2e16:-26bf', 'RLI', 'rptis.landtax.facts.RPTLedgerItemFact', '1');
INSERT IGNORE INTO `sys_rule_condition_var` (`objid`, `parentid`, `ruleid`, `varname`, `datatype`, `pos`) VALUES ('RC7280357:166235c1be7:-7fb6', 'RC7280357:166235c1be7:-7fb6', 'RULec9d7ab:166235c2e16:-26d0', 'RLI', 'rptis.landtax.facts.RPTLedgerItemFact', '1');
INSERT IGNORE INTO `sys_rule_condition_var` (`objid`, `parentid`, `ruleid`, `varname`, `datatype`, `pos`) VALUES ('RC7280357:166235c1be7:-7fbd', 'RC7280357:166235c1be7:-7fbd', 'RULec9d7ab:166235c2e16:-319f', 'RL', 'rptis.landtax.facts.RPTLedgerFact', '1');
INSERT IGNORE INTO `sys_rule_condition_var` (`objid`, `parentid`, `ruleid`, `varname`, `datatype`, `pos`) VALUES ('RC7280357:166235c1be7:-7fc0', 'RC7280357:166235c1be7:-7fc0', 'RULec9d7ab:166235c2e16:-319f', 'BILL', 'rptis.landtax.facts.Bill', '2');
INSERT IGNORE INTO `sys_rule_condition_var` (`objid`, `parentid`, `ruleid`, `varname`, `datatype`, `pos`) VALUES ('RC7280357:166235c1be7:-7fc7', 'RC7280357:166235c1be7:-7fc7', 'RULec9d7ab:166235c2e16:-3811', 'RLI', 'rptis.landtax.facts.RPTLedgerItemFact', '1');
INSERT IGNORE INTO `sys_rule_condition_var` (`objid`, `parentid`, `ruleid`, `varname`, `datatype`, `pos`) VALUES ('RC7280357:166235c1be7:-7fc9', 'RC7280357:166235c1be7:-7fc9', 'RULec9d7ab:166235c2e16:-3811', 'BILL', 'rptis.landtax.facts.Bill', '2');
INSERT IGNORE INTO `sys_rule_condition_var` (`objid`, `parentid`, `ruleid`, `varname`, `datatype`, `pos`) VALUES ('RC7b0d8ac2:17b97cca47c:-77b5', 'RC7b0d8ac2:17b97cca47c:-77b5', 'RUL-44dc6a75:17b9a0317a2:-1b9c', 'RLI', 'rptis.landtax.facts.RPTLedgerItemFact', '1');
INSERT IGNORE INTO `sys_rule_condition_var` (`objid`, `parentid`, `ruleid`, `varname`, `datatype`, `pos`) VALUES ('RCC-17442746:16be936f033:-7e83', 'RC-17442746:16be936f033:-7e86', 'RUL483027b0:16be9375c61:-77e6', 'AV', 'decimal', '0');
INSERT IGNORE INTO `sys_rule_condition_var` (`objid`, `parentid`, `ruleid`, `varname`, `datatype`, `pos`) VALUES ('RCC-43a97d40:17b4cb60c0d:-7e8d', 'RC-43a97d40:17b4cb60c0d:-7e8e', 'RUL2372be5b:17b4cb61bed:-3a38', 'CY', 'integer', '0');
INSERT IGNORE INTO `sys_rule_condition_var` (`objid`, `parentid`, `ruleid`, `varname`, `datatype`, `pos`) VALUES ('RCC-43a97d40:17b4cb60c0d:-7ec4', 'RC-43a97d40:17b4cb60c0d:-7ec5', 'RUL2372be5b:17b4cb61bed:-418b', 'CY', 'integer', '0');
INSERT IGNORE INTO `sys_rule_condition_var` (`objid`, `parentid`, `ruleid`, `varname`, `datatype`, `pos`) VALUES ('RCC-43a97d40:17b4cb60c0d:-7f98', 'RC-43a97d40:17b4cb60c0d:-7f9a', 'RUL2372be5b:17b4cb61bed:-6b97', 'CY', 'integer', '0');
INSERT IGNORE INTO `sys_rule_condition_var` (`objid`, `parentid`, `ruleid`, `varname`, `datatype`, `pos`) VALUES ('RCC-43a97d40:17b4cb60c0d:-7f9d', 'RC-43a97d40:17b4cb60c0d:-7f9e', 'RUL2372be5b:17b4cb61bed:-6b97', 'TAX', 'decimal', '2');
INSERT IGNORE INTO `sys_rule_condition_var` (`objid`, `parentid`, `ruleid`, `varname`, `datatype`, `pos`) VALUES ('RCC-43a97d40:17b4cb60c0d:-7fba', 'RC-43a97d40:17b4cb60c0d:-7fbb', 'RUL2372be5b:17b4cb61bed:-79ec', 'CY', 'integer', '0');
INSERT IGNORE INTO `sys_rule_condition_var` (`objid`, `parentid`, `ruleid`, `varname`, `datatype`, `pos`) VALUES ('RCC-43a97d40:17b4cb60c0d:-7fbd', 'RC-43a97d40:17b4cb60c0d:-7fbf', 'RUL2372be5b:17b4cb61bed:-79ec', 'TAX', 'decimal', '1');
INSERT IGNORE INTO `sys_rule_condition_var` (`objid`, `parentid`, `ruleid`, `varname`, `datatype`, `pos`) VALUES ('RCC-43a97d40:17b4cb60c0d:-7fbe', 'RC-43a97d40:17b4cb60c0d:-7fbf', 'RUL2372be5b:17b4cb61bed:-79ec', 'NMON', 'integer', '2');
INSERT IGNORE INTO `sys_rule_condition_var` (`objid`, `parentid`, `ruleid`, `varname`, `datatype`, `pos`) VALUES ('RCC-43a97d40:17b4cb60c0d:-7fc6', 'RC-43a97d40:17b4cb60c0d:-7fc8', 'RUL2372be5b:17b4cb61bed:-7b89', 'TAX', 'decimal', '1');
INSERT IGNORE INTO `sys_rule_condition_var` (`objid`, `parentid`, `ruleid`, `varname`, `datatype`, `pos`) VALUES ('RCC-43a97d40:17b4cb60c0d:-7fd4', 'RC-43a97d40:17b4cb60c0d:-7fd6', 'RUL2372be5b:17b4cb61bed:-7cda', 'TAX', 'decimal', '1');
INSERT IGNORE INTO `sys_rule_condition_var` (`objid`, `parentid`, `ruleid`, `varname`, `datatype`, `pos`) VALUES ('RCC-521c9281:18478d47600:-7f92', 'RC-521c9281:18478d47600:-7f95', 'RUL3d5e3584:18478d2e77d:-7c49', 'TAX', 'decimal', '2');
INSERT IGNORE INTO `sys_rule_condition_var` (`objid`, `parentid`, `ruleid`, `varname`, `datatype`, `pos`) VALUES ('RCC-521c9281:18478d47600:-7f93', 'RC-521c9281:18478d47600:-7f95', 'RUL3d5e3584:18478d2e77d:-7c49', 'NMON', 'integer', '1');
INSERT IGNORE INTO `sys_rule_condition_var` (`objid`, `parentid`, `ruleid`, `varname`, `datatype`, `pos`) VALUES ('RCC-521c9281:18478d47600:-7f96', 'RC-521c9281:18478d47600:-7f97', 'RUL3d5e3584:18478d2e77d:-7c49', 'CY', 'integer', '0');
INSERT IGNORE INTO `sys_rule_condition_var` (`objid`, `parentid`, `ruleid`, `varname`, `datatype`, `pos`) VALUES ('RCC440e47f4:166ae4152f1:-7fbd', 'RC440e47f4:166ae4152f1:-7fbe', 'RUL1262ad19:166ae41b1fb:-7c88', 'CY', 'integer', '0');
INSERT IGNORE INTO `sys_rule_condition_var` (`objid`, `parentid`, `ruleid`, `varname`, `datatype`, `pos`) VALUES ('RCC70978a15:166ae6875d1:-7f23', 'RC70978a15:166ae6875d1:-7f24', 'RUL7e02b404:166ae687f42:-5511', 'CY', 'integer', '0');
INSERT IGNORE INTO `sys_rule_condition_var` (`objid`, `parentid`, `ruleid`, `varname`, `datatype`, `pos`) VALUES ('RCC7280357:166235c1be7:-7fac', 'RC7280357:166235c1be7:-7fad', 'RULec9d7ab:166235c2e16:-26bf', 'CY', 'integer', '0');
INSERT IGNORE INTO `sys_rule_condition_var` (`objid`, `parentid`, `ruleid`, `varname`, `datatype`, `pos`) VALUES ('RCC7280357:166235c1be7:-7fb3', 'RC7280357:166235c1be7:-7fb4', 'RULec9d7ab:166235c2e16:-26d0', 'CY', 'integer', '0');
INSERT IGNORE INTO `sys_rule_condition_var` (`objid`, `parentid`, `ruleid`, `varname`, `datatype`, `pos`) VALUES ('RCC7280357:166235c1be7:-7fba', 'RC7280357:166235c1be7:-7fbb', 'RULec9d7ab:166235c2e16:-319f', 'CY', 'integer', '0');
INSERT IGNORE INTO `sys_rule_condition_var` (`objid`, `parentid`, `ruleid`, `varname`, `datatype`, `pos`) VALUES ('RCC7b0d8ac2:17b97cca47c:-77af', 'RC7b0d8ac2:17b97cca47c:-77b1', 'RUL-44dc6a75:17b9a0317a2:-1b9c', 'CY', 'integer', '0');
INSERT IGNORE INTO `sys_rule_condition_var` (`objid`, `parentid`, `ruleid`, `varname`, `datatype`, `pos`) VALUES ('RCC7b0d8ac2:17b97cca47c:-77b0', 'RC7b0d8ac2:17b97cca47c:-77b1', 'RUL-44dc6a75:17b9a0317a2:-1b9c', 'CQTR', 'integer', '1');
INSERT IGNORE INTO `sys_rule_condition_var` (`objid`, `parentid`, `ruleid`, `varname`, `datatype`, `pos`) VALUES ('RCC7b0d8ac2:17b97cca47c:-77b4', 'RC7b0d8ac2:17b97cca47c:-77b5', 'RUL-44dc6a75:17b9a0317a2:-1b9c', 'TAX', 'decimal', '2');
INSERT IGNORE INTO `sys_rule_condition_var` (`objid`, `parentid`, `ruleid`, `varname`, `datatype`, `pos`) VALUES ('RCOND-1a2d6e9b:1692d429304:-7748', 'RCOND-1a2d6e9b:1692d429304:-7748', 'RUL-1a2d6e9b:1692d429304:-7779', 'AVINFO', 'rptis.landtax.facts.AssessedValue', '0');
INSERT IGNORE INTO `sys_rule_condition_var` (`objid`, `parentid`, `ruleid`, `varname`, `datatype`, `pos`) VALUES ('RCOND-2ede6703:16642adb9ce:-7a39', 'RCOND-2ede6703:16642adb9ce:-7a39', 'RUL-2ede6703:16642adb9ce:-7ba0', 'BILL', 'rptis.landtax.facts.Bill', '0');
INSERT IGNORE INTO `sys_rule_condition_var` (`objid`, `parentid`, `ruleid`, `varname`, `datatype`, `pos`) VALUES ('RCOND-44dc6a75:17b9a0317a2:-7414', 'RCOND-44dc6a75:17b9a0317a2:-7414', 'RUL-44dc6a75:17b9a0317a2:-7555', 'RLI', 'rptis.landtax.facts.RPTLedgerItemFact', '1');
INSERT IGNORE INTO `sys_rule_condition_var` (`objid`, `parentid`, `ruleid`, `varname`, `datatype`, `pos`) VALUES ('RCOND2372be5b:17b4cb61bed:-6f13', 'RCOND2372be5b:17b4cb61bed:-6f13', 'RUL2372be5b:17b4cb61bed:-705a', 'RLI', 'rptis.landtax.facts.RPTLedgerItemFact', '1');
INSERT IGNORE INTO `sys_rule_condition_var` (`objid`, `parentid`, `ruleid`, `varname`, `datatype`, `pos`) VALUES ('RCOND2372be5b:17b4cb61bed:-71a2', 'RCOND2372be5b:17b4cb61bed:-71a2', 'RUL2372be5b:17b4cb61bed:-7207', 'RLI', 'rptis.landtax.facts.RPTLedgerItemFact', '0');
INSERT IGNORE INTO `sys_rule_condition_var` (`objid`, `parentid`, `ruleid`, `varname`, `datatype`, `pos`) VALUES ('RCOND7c9b26f3:17c2a7f2220:-7239', 'RCOND7c9b26f3:17c2a7f2220:-7239', 'RUL7c9b26f3:17c2a7f2220:-737c', 'RLI', 'rptis.landtax.facts.RPTLedgerItemFact', '1');
INSERT IGNORE INTO `sys_rule_condition_var` (`objid`, `parentid`, `ruleid`, `varname`, `datatype`, `pos`) VALUES ('RCONDec9d7ab:166235c2e16:-24fc', 'RCONDec9d7ab:166235c2e16:-24fc', 'RULec9d7ab:166235c2e16:-255e', 'RLTS', 'rptis.landtax.facts.RPTLedgerTaxSummaryFact', '0');
INSERT IGNORE INTO `sys_rule_condition_var` (`objid`, `parentid`, `ruleid`, `varname`, `datatype`, `pos`) VALUES ('RCONDec9d7ab:166235c2e16:-2ec7', 'RCONDec9d7ab:166235c2e16:-2ec7', 'RULec9d7ab:166235c2e16:-2f1f', 'BILL', 'rptis.landtax.facts.Bill', '0');
INSERT IGNORE INTO `sys_rule_condition_var` (`objid`, `parentid`, `ruleid`, `varname`, `datatype`, `pos`) VALUES ('RCONDec9d7ab:166235c2e16:-3905', 'RCONDec9d7ab:166235c2e16:-3905', 'RULec9d7ab:166235c2e16:-3c17', 'BILL', 'rptis.landtax.facts.Bill', '2');
INSERT IGNORE INTO `sys_rule_condition_var` (`objid`, `parentid`, `ruleid`, `varname`, `datatype`, `pos`) VALUES ('RCONDec9d7ab:166235c2e16:-3b0b', 'RCONDec9d7ab:166235c2e16:-3b0b', 'RULec9d7ab:166235c2e16:-3c17', 'RLI', 'rptis.landtax.facts.RPTLedgerItemFact', '1');
INSERT IGNORE INTO `sys_rule_condition_var` (`objid`, `parentid`, `ruleid`, `varname`, `datatype`, `pos`) VALUES ('RCONST-1a2d6e9b:1692d429304:-7746', 'RCOND-1a2d6e9b:1692d429304:-7748', 'RUL-1a2d6e9b:1692d429304:-7779', 'AV', 'decimal', '1');
INSERT IGNORE INTO `sys_rule_condition_var` (`objid`, `parentid`, `ruleid`, `varname`, `datatype`, `pos`) VALUES ('RCONST-1a2d6e9b:1692d429304:-7747', 'RCOND-1a2d6e9b:1692d429304:-7748', 'RUL-1a2d6e9b:1692d429304:-7779', 'YR', 'integer', '0');
INSERT IGNORE INTO `sys_rule_condition_var` (`objid`, `parentid`, `ruleid`, `varname`, `datatype`, `pos`) VALUES ('RCONST-2ede6703:16642adb9ce:-79c8', 'RCOND-2ede6703:16642adb9ce:-7a39', 'RUL-2ede6703:16642adb9ce:-7ba0', 'BILLDATE', 'date', '1');
INSERT IGNORE INTO `sys_rule_condition_var` (`objid`, `parentid`, `ruleid`, `varname`, `datatype`, `pos`) VALUES ('RCONST-33cdb157:178b179a470:-7077', 'RC70978a15:166ae6875d1:-7f22', 'RUL7e02b404:166ae687f42:-5511', 'NMON', 'integer', '5');
INSERT IGNORE INTO `sys_rule_condition_var` (`objid`, `parentid`, `ruleid`, `varname`, `datatype`, `pos`) VALUES ('RCONST-44dc6a75:17b9a0317a2:-7270', 'RCOND-44dc6a75:17b9a0317a2:-7414', 'RUL-44dc6a75:17b9a0317a2:-7555', 'TAX', 'decimal', '2');
INSERT IGNORE INTO `sys_rule_condition_var` (`objid`, `parentid`, `ruleid`, `varname`, `datatype`, `pos`) VALUES ('RCONST-44dc6a75:17b9a0317a2:-74b2', 'RCOND-44dc6a75:17b9a0317a2:-7509', 'RUL-44dc6a75:17b9a0317a2:-7555', 'CQTR', 'integer', '1');
INSERT IGNORE INTO `sys_rule_condition_var` (`objid`, `parentid`, `ruleid`, `varname`, `datatype`, `pos`) VALUES ('RCONST-44dc6a75:17b9a0317a2:-74ed', 'RCOND-44dc6a75:17b9a0317a2:-7509', 'RUL-44dc6a75:17b9a0317a2:-7555', 'CY', 'integer', '0');
INSERT IGNORE INTO `sys_rule_condition_var` (`objid`, `parentid`, `ruleid`, `varname`, `datatype`, `pos`) VALUES ('RCONST2372be5b:17b4cb61bed:-6d20', 'RCOND2372be5b:17b4cb61bed:-6f13', 'RUL2372be5b:17b4cb61bed:-705a', 'TAX', 'decimal', '2');
INSERT IGNORE INTO `sys_rule_condition_var` (`objid`, `parentid`, `ruleid`, `varname`, `datatype`, `pos`) VALUES ('RCONST2372be5b:17b4cb61bed:-6fec', 'RCOND2372be5b:17b4cb61bed:-7008', 'RUL2372be5b:17b4cb61bed:-705a', 'CY', 'integer', '0');
INSERT IGNORE INTO `sys_rule_condition_var` (`objid`, `parentid`, `ruleid`, `varname`, `datatype`, `pos`) VALUES ('RCONST2372be5b:17b4cb61bed:-7585', 'RC70978a15:166ae6875d1:-7f22', 'RUL7e02b404:166ae687f42:-5511', 'NMON', 'integer', '3');
INSERT IGNORE INTO `sys_rule_condition_var` (`objid`, `parentid`, `ruleid`, `varname`, `datatype`, `pos`) VALUES ('RCONST5ffbdc02:166e7b2c367:-641c', 'RC70978a15:166ae6875d1:-7f22', 'RUL7e02b404:166ae687f42:-5511', 'TAX', 'decimal', '4');
INSERT IGNORE INTO `sys_rule_condition_var` (`objid`, `parentid`, `ruleid`, `varname`, `datatype`, `pos`) VALUES ('RCONST7c9b26f3:17c2a7f2220:-6f57', 'RCOND7c9b26f3:17c2a7f2220:-7239', 'RUL7c9b26f3:17c2a7f2220:-737c', 'TAX', 'decimal', '2');
INSERT IGNORE INTO `sys_rule_condition_var` (`objid`, `parentid`, `ruleid`, `varname`, `datatype`, `pos`) VALUES ('RCONST7c9b26f3:17c2a7f2220:-707b', 'RCOND7c9b26f3:17c2a7f2220:-7239', 'RUL7c9b26f3:17c2a7f2220:-737c', 'NMON', 'integer', '1');
INSERT IGNORE INTO `sys_rule_condition_var` (`objid`, `parentid`, `ruleid`, `varname`, `datatype`, `pos`) VALUES ('RCONST7c9b26f3:17c2a7f2220:-72d8', 'RCOND7c9b26f3:17c2a7f2220:-7330', 'RUL7c9b26f3:17c2a7f2220:-737c', 'CQTR', 'integer', '1');
INSERT IGNORE INTO `sys_rule_condition_var` (`objid`, `parentid`, `ruleid`, `varname`, `datatype`, `pos`) VALUES ('RCONST7c9b26f3:17c2a7f2220:-7314', 'RCOND7c9b26f3:17c2a7f2220:-7330', 'RUL7c9b26f3:17c2a7f2220:-737c', 'CY', 'integer', '0');
INSERT IGNORE INTO `sys_rule_condition_var` (`objid`, `parentid`, `ruleid`, `varname`, `datatype`, `pos`) VALUES ('RCONST7e02b404:166ae687f42:-54ad', 'RC70978a15:166ae6875d1:-7f24', 'RUL7e02b404:166ae687f42:-5511', 'CQTR', 'integer', '1');
INSERT IGNORE INTO `sys_rule_condition_var` (`objid`, `parentid`, `ruleid`, `varname`, `datatype`, `pos`) VALUES ('RCONSTec9d7ab:166235c2e16:-2ea1', 'RCONDec9d7ab:166235c2e16:-2ec7', 'RULec9d7ab:166235c2e16:-2f1f', 'CDATE', 'date', '0');
INSERT IGNORE INTO `sys_rule_condition_var` (`objid`, `parentid`, `ruleid`, `varname`, `datatype`, `pos`) VALUES ('RCONSTec9d7ab:166235c2e16:-3b8e', 'RCONDec9d7ab:166235c2e16:-3baa', 'RULec9d7ab:166235c2e16:-3c17', 'CY', 'integer', '0');

INSERT IGNORE INTO `sys_rule_condition_constraint` (`objid`, `parentid`, `field_objid`, `fieldname`, `varname`, `operator_caption`, `operator_symbol`, `usevar`, `var_objid`, `var_name`, `decimalvalue`, `intvalue`, `stringvalue`, `listvalue`, `datevalue`, `pos`) VALUES ('RCC-17442746:16be936f033:-7e83', 'RC-17442746:16be936f033:-7e86', 'rptis.landtax.facts.RPTLedgerItemFact.av', 'av', 'AV', NULL, NULL, NULL, NULL, NULL, NULL, NULL, NULL, NULL, NULL, '0');
INSERT IGNORE INTO `sys_rule_condition_constraint` (`objid`, `parentid`, `field_objid`, `fieldname`, `varname`, `operator_caption`, `operator_symbol`, `usevar`, `var_objid`, `var_name`, `decimalvalue`, `intvalue`, `stringvalue`, `listvalue`, `datevalue`, `pos`) VALUES ('RCC-43a97d40:17b4cb60c0d:-7e8d', 'RC-43a97d40:17b4cb60c0d:-7e8e', 'CurrentDate.year', 'year', 'CY', NULL, NULL, NULL, NULL, NULL, NULL, NULL, NULL, NULL, NULL, '0');
INSERT IGNORE INTO `sys_rule_condition_constraint` (`objid`, `parentid`, `field_objid`, `fieldname`, `varname`, `operator_caption`, `operator_symbol`, `usevar`, `var_objid`, `var_name`, `decimalvalue`, `intvalue`, `stringvalue`, `listvalue`, `datevalue`, `pos`) VALUES ('RCC-43a97d40:17b4cb60c0d:-7e8f', 'RC-43a97d40:17b4cb60c0d:-7e91', 'rptis.landtax.facts.RPTLedgerItemFact.year', 'year', NULL, 'equal to', '==', '1', 'RCC-43a97d40:17b4cb60c0d:-7e8d', 'CY', NULL, NULL, NULL, NULL, NULL, '0');
INSERT IGNORE INTO `sys_rule_condition_constraint` (`objid`, `parentid`, `field_objid`, `fieldname`, `varname`, `operator_caption`, `operator_symbol`, `usevar`, `var_objid`, `var_name`, `decimalvalue`, `intvalue`, `stringvalue`, `listvalue`, `datevalue`, `pos`) VALUES ('RCC-43a97d40:17b4cb60c0d:-7e90', 'RC-43a97d40:17b4cb60c0d:-7e91', 'rptis.landtax.facts.RPTLedgerItemFact.qtrly', 'qtrly', NULL, 'is true', '== true', NULL, NULL, NULL, NULL, NULL, NULL, NULL, NULL, '1');
INSERT IGNORE INTO `sys_rule_condition_constraint` (`objid`, `parentid`, `field_objid`, `fieldname`, `varname`, `operator_caption`, `operator_symbol`, `usevar`, `var_objid`, `var_name`, `decimalvalue`, `intvalue`, `stringvalue`, `listvalue`, `datevalue`, `pos`) VALUES ('RCC-43a97d40:17b4cb60c0d:-7e92', 'RC-43a97d40:17b4cb60c0d:-7e93', 'rptis.landtax.facts.Bill.forpayment', 'forpayment', NULL, 'not true', '== false', NULL, NULL, NULL, NULL, NULL, NULL, NULL, NULL, '0');
INSERT IGNORE INTO `sys_rule_condition_constraint` (`objid`, `parentid`, `field_objid`, `fieldname`, `varname`, `operator_caption`, `operator_symbol`, `usevar`, `var_objid`, `var_name`, `decimalvalue`, `intvalue`, `stringvalue`, `listvalue`, `datevalue`, `pos`) VALUES ('RCC-43a97d40:17b4cb60c0d:-7ec2', 'RC-43a97d40:17b4cb60c0d:-7ec3', 'rptis.landtax.facts.RPTLedgerItemFact.year', 'year', NULL, 'greater than', '>', '1', 'RCC-43a97d40:17b4cb60c0d:-7ec4', 'CY', NULL, NULL, NULL, NULL, NULL, '0');
INSERT IGNORE INTO `sys_rule_condition_constraint` (`objid`, `parentid`, `field_objid`, `fieldname`, `varname`, `operator_caption`, `operator_symbol`, `usevar`, `var_objid`, `var_name`, `decimalvalue`, `intvalue`, `stringvalue`, `listvalue`, `datevalue`, `pos`) VALUES ('RCC-43a97d40:17b4cb60c0d:-7ec4', 'RC-43a97d40:17b4cb60c0d:-7ec5', 'CurrentDate.year', 'year', 'CY', NULL, NULL, NULL, NULL, NULL, NULL, NULL, NULL, NULL, NULL, '0');
INSERT IGNORE INTO `sys_rule_condition_constraint` (`objid`, `parentid`, `field_objid`, `fieldname`, `varname`, `operator_caption`, `operator_symbol`, `usevar`, `var_objid`, `var_name`, `decimalvalue`, `intvalue`, `stringvalue`, `listvalue`, `datevalue`, `pos`) VALUES ('RCC-43a97d40:17b4cb60c0d:-7f98', 'RC-43a97d40:17b4cb60c0d:-7f9a', 'CurrentDate.year', 'year', 'CY', NULL, NULL, NULL, NULL, NULL, NULL, NULL, NULL, NULL, NULL, '0');
INSERT IGNORE INTO `sys_rule_condition_constraint` (`objid`, `parentid`, `field_objid`, `fieldname`, `varname`, `operator_caption`, `operator_symbol`, `usevar`, `var_objid`, `var_name`, `decimalvalue`, `intvalue`, `stringvalue`, `listvalue`, `datevalue`, `pos`) VALUES ('RCC-43a97d40:17b4cb60c0d:-7f9b', 'RC-43a97d40:17b4cb60c0d:-7f9e', 'rptis.landtax.facts.RPTLedgerItemFact.year', 'year', NULL, 'greater than', '>', '1', 'RCC-43a97d40:17b4cb60c0d:-7f98', 'CY', NULL, NULL, NULL, NULL, NULL, '0');
INSERT IGNORE INTO `sys_rule_condition_constraint` (`objid`, `parentid`, `field_objid`, `fieldname`, `varname`, `operator_caption`, `operator_symbol`, `usevar`, `var_objid`, `var_name`, `decimalvalue`, `intvalue`, `stringvalue`, `listvalue`, `datevalue`, `pos`) VALUES ('RCC-43a97d40:17b4cb60c0d:-7f9c', 'RC-43a97d40:17b4cb60c0d:-7f9e', 'rptis.landtax.facts.RPTLedgerItemFact.qtrlypaymentavailed', 'qtrlypaymentavailed', NULL, 'is true', '== true', NULL, NULL, NULL, NULL, NULL, NULL, NULL, NULL, '1');
INSERT IGNORE INTO `sys_rule_condition_constraint` (`objid`, `parentid`, `field_objid`, `fieldname`, `varname`, `operator_caption`, `operator_symbol`, `usevar`, `var_objid`, `var_name`, `decimalvalue`, `intvalue`, `stringvalue`, `listvalue`, `datevalue`, `pos`) VALUES ('RCC-43a97d40:17b4cb60c0d:-7f9d', 'RC-43a97d40:17b4cb60c0d:-7f9e', 'rptis.landtax.facts.RPTLedgerItemFact.amtdue', 'amtdue', 'TAX', NULL, NULL, NULL, NULL, NULL, NULL, NULL, NULL, NULL, NULL, '2');
INSERT IGNORE INTO `sys_rule_condition_constraint` (`objid`, `parentid`, `field_objid`, `fieldname`, `varname`, `operator_caption`, `operator_symbol`, `usevar`, `var_objid`, `var_name`, `decimalvalue`, `intvalue`, `stringvalue`, `listvalue`, `datevalue`, `pos`) VALUES ('RCC-43a97d40:17b4cb60c0d:-7fba', 'RC-43a97d40:17b4cb60c0d:-7fbb', 'CurrentDate.year', 'year', 'CY', NULL, NULL, NULL, NULL, NULL, NULL, NULL, NULL, NULL, NULL, '0');
INSERT IGNORE INTO `sys_rule_condition_constraint` (`objid`, `parentid`, `field_objid`, `fieldname`, `varname`, `operator_caption`, `operator_symbol`, `usevar`, `var_objid`, `var_name`, `decimalvalue`, `intvalue`, `stringvalue`, `listvalue`, `datevalue`, `pos`) VALUES ('RCC-43a97d40:17b4cb60c0d:-7fbc', 'RC-43a97d40:17b4cb60c0d:-7fbf', 'rptis.landtax.facts.RPTLedgerItemFact.year', 'year', NULL, 'less than', '<', '1', 'RCC-43a97d40:17b4cb60c0d:-7fba', 'CY', NULL, NULL, NULL, NULL, NULL, '0');
INSERT IGNORE INTO `sys_rule_condition_constraint` (`objid`, `parentid`, `field_objid`, `fieldname`, `varname`, `operator_caption`, `operator_symbol`, `usevar`, `var_objid`, `var_name`, `decimalvalue`, `intvalue`, `stringvalue`, `listvalue`, `datevalue`, `pos`) VALUES ('RCC-43a97d40:17b4cb60c0d:-7fbd', 'RC-43a97d40:17b4cb60c0d:-7fbf', 'rptis.landtax.facts.RPTLedgerItemFact.amtdue', 'amtdue', 'TAX', NULL, NULL, NULL, NULL, NULL, NULL, NULL, NULL, NULL, NULL, '1');
INSERT IGNORE INTO `sys_rule_condition_constraint` (`objid`, `parentid`, `field_objid`, `fieldname`, `varname`, `operator_caption`, `operator_symbol`, `usevar`, `var_objid`, `var_name`, `decimalvalue`, `intvalue`, `stringvalue`, `listvalue`, `datevalue`, `pos`) VALUES ('RCC-43a97d40:17b4cb60c0d:-7fbe', 'RC-43a97d40:17b4cb60c0d:-7fbf', 'rptis.landtax.facts.RPTLedgerItemFact.monthsfromjan', 'monthsfromjan', 'NMON', NULL, NULL, NULL, NULL, NULL, NULL, NULL, NULL, NULL, NULL, '2');
INSERT IGNORE INTO `sys_rule_condition_constraint` (`objid`, `parentid`, `field_objid`, `fieldname`, `varname`, `operator_caption`, `operator_symbol`, `usevar`, `var_objid`, `var_name`, `decimalvalue`, `intvalue`, `stringvalue`, `listvalue`, `datevalue`, `pos`) VALUES ('RCC-43a97d40:17b4cb60c0d:-7fc6', 'RC-43a97d40:17b4cb60c0d:-7fc8', 'rptis.landtax.facts.RPTLedgerItemFact.amtdue', 'amtdue', 'TAX', NULL, NULL, NULL, NULL, NULL, NULL, NULL, NULL, NULL, NULL, '1');
INSERT IGNORE INTO `sys_rule_condition_constraint` (`objid`, `parentid`, `field_objid`, `fieldname`, `varname`, `operator_caption`, `operator_symbol`, `usevar`, `var_objid`, `var_name`, `decimalvalue`, `intvalue`, `stringvalue`, `listvalue`, `datevalue`, `pos`) VALUES ('RCC-43a97d40:17b4cb60c0d:-7fc7', 'RC-43a97d40:17b4cb60c0d:-7fc8', 'rptis.landtax.facts.RPTLedgerItemFact.year', 'year', NULL, 'greater than or equal to', '>=', '0', NULL, NULL, NULL, '1974', NULL, NULL, NULL, '0');
INSERT IGNORE INTO `sys_rule_condition_constraint` (`objid`, `parentid`, `field_objid`, `fieldname`, `varname`, `operator_caption`, `operator_symbol`, `usevar`, `var_objid`, `var_name`, `decimalvalue`, `intvalue`, `stringvalue`, `listvalue`, `datevalue`, `pos`) VALUES ('RCC-43a97d40:17b4cb60c0d:-7fd3', 'RC-43a97d40:17b4cb60c0d:-7fd6', 'rptis.landtax.facts.RPTLedgerItemFact.year', 'year', NULL, 'less than or equal to', '<=', '0', NULL, NULL, NULL, '1973', NULL, NULL, NULL, '0');
INSERT IGNORE INTO `sys_rule_condition_constraint` (`objid`, `parentid`, `field_objid`, `fieldname`, `varname`, `operator_caption`, `operator_symbol`, `usevar`, `var_objid`, `var_name`, `decimalvalue`, `intvalue`, `stringvalue`, `listvalue`, `datevalue`, `pos`) VALUES ('RCC-43a97d40:17b4cb60c0d:-7fd4', 'RC-43a97d40:17b4cb60c0d:-7fd6', 'rptis.landtax.facts.RPTLedgerItemFact.amtdue', 'amtdue', 'TAX', NULL, NULL, NULL, NULL, NULL, NULL, NULL, NULL, NULL, NULL, '1');
INSERT IGNORE INTO `sys_rule_condition_constraint` (`objid`, `parentid`, `field_objid`, `fieldname`, `varname`, `operator_caption`, `operator_symbol`, `usevar`, `var_objid`, `var_name`, `decimalvalue`, `intvalue`, `stringvalue`, `listvalue`, `datevalue`, `pos`) VALUES ('RCC-521c9281:18478d47600:-7f92', 'RC-521c9281:18478d47600:-7f95', 'rptis.landtax.facts.RPTLedgerItemFact.amtdue', 'amtdue', 'TAX', NULL, NULL, NULL, NULL, NULL, NULL, NULL, NULL, NULL, NULL, '2');
INSERT IGNORE INTO `sys_rule_condition_constraint` (`objid`, `parentid`, `field_objid`, `fieldname`, `varname`, `operator_caption`, `operator_symbol`, `usevar`, `var_objid`, `var_name`, `decimalvalue`, `intvalue`, `stringvalue`, `listvalue`, `datevalue`, `pos`) VALUES ('RCC-521c9281:18478d47600:-7f93', 'RC-521c9281:18478d47600:-7f95', 'rptis.landtax.facts.RPTLedgerItemFact.monthsfromjan', 'monthsfromjan', 'NMON', NULL, NULL, NULL, NULL, NULL, NULL, NULL, NULL, NULL, NULL, '1');
INSERT IGNORE INTO `sys_rule_condition_constraint` (`objid`, `parentid`, `field_objid`, `fieldname`, `varname`, `operator_caption`, `operator_symbol`, `usevar`, `var_objid`, `var_name`, `decimalvalue`, `intvalue`, `stringvalue`, `listvalue`, `datevalue`, `pos`) VALUES ('RCC-521c9281:18478d47600:-7f94', 'RC-521c9281:18478d47600:-7f95', 'rptis.landtax.facts.RPTLedgerItemFact.year', 'year', NULL, 'equal to', '==', '1', 'RCC-521c9281:18478d47600:-7f96', 'CY', NULL, NULL, NULL, NULL, NULL, '0');
INSERT IGNORE INTO `sys_rule_condition_constraint` (`objid`, `parentid`, `field_objid`, `fieldname`, `varname`, `operator_caption`, `operator_symbol`, `usevar`, `var_objid`, `var_name`, `decimalvalue`, `intvalue`, `stringvalue`, `listvalue`, `datevalue`, `pos`) VALUES ('RCC-521c9281:18478d47600:-7f96', 'RC-521c9281:18478d47600:-7f97', 'CurrentDate.year', 'year', 'CY', NULL, NULL, NULL, NULL, NULL, NULL, NULL, NULL, NULL, NULL, '0');
INSERT IGNORE INTO `sys_rule_condition_constraint` (`objid`, `parentid`, `field_objid`, `fieldname`, `varname`, `operator_caption`, `operator_symbol`, `usevar`, `var_objid`, `var_name`, `decimalvalue`, `intvalue`, `stringvalue`, `listvalue`, `datevalue`, `pos`) VALUES ('RCC-521c9281:18478d47600:-7f98', 'RC-521c9281:18478d47600:-7f99', 'rptis.landtax.facts.RPTLedgerFact.firstqtrpaidontime', 'firstqtrpaidontime', NULL, 'not true', '== false', NULL, NULL, NULL, NULL, NULL, NULL, NULL, NULL, '0');
INSERT IGNORE INTO `sys_rule_condition_constraint` (`objid`, `parentid`, `field_objid`, `fieldname`, `varname`, `operator_caption`, `operator_symbol`, `usevar`, `var_objid`, `var_name`, `decimalvalue`, `intvalue`, `stringvalue`, `listvalue`, `datevalue`, `pos`) VALUES ('RCC440e47f4:166ae4152f1:-7fbd', 'RC440e47f4:166ae4152f1:-7fbe', 'CurrentDate.year', 'year', 'CY', NULL, NULL, NULL, NULL, NULL, NULL, NULL, NULL, NULL, NULL, '0');
INSERT IGNORE INTO `sys_rule_condition_constraint` (`objid`, `parentid`, `field_objid`, `fieldname`, `varname`, `operator_caption`, `operator_symbol`, `usevar`, `var_objid`, `var_name`, `decimalvalue`, `intvalue`, `stringvalue`, `listvalue`, `datevalue`, `pos`) VALUES ('RCC440e47f4:166ae4152f1:-7fbf', 'RC440e47f4:166ae4152f1:-7fc0', 'rptis.landtax.facts.RPTLedgerItemFact.year', 'year', NULL, 'less than', '<', '1', 'RCC440e47f4:166ae4152f1:-7fbd', 'CY', NULL, NULL, NULL, NULL, NULL, '0');
INSERT IGNORE INTO `sys_rule_condition_constraint` (`objid`, `parentid`, `field_objid`, `fieldname`, `varname`, `operator_caption`, `operator_symbol`, `usevar`, `var_objid`, `var_name`, `decimalvalue`, `intvalue`, `stringvalue`, `listvalue`, `datevalue`, `pos`) VALUES ('RCC70978a15:166ae6875d1:-7f1d', 'RC70978a15:166ae6875d1:-7f22', 'rptis.landtax.facts.RPTLedgerItemFact.revtype', 'revtype', NULL, 'is any of the ff.', 'matches', NULL, NULL, NULL, NULL, NULL, NULL, '[\"basic\",\"sef\"]', NULL, '0');
INSERT IGNORE INTO `sys_rule_condition_constraint` (`objid`, `parentid`, `field_objid`, `fieldname`, `varname`, `operator_caption`, `operator_symbol`, `usevar`, `var_objid`, `var_name`, `decimalvalue`, `intvalue`, `stringvalue`, `listvalue`, `datevalue`, `pos`) VALUES ('RCC70978a15:166ae6875d1:-7f23', 'RC70978a15:166ae6875d1:-7f24', 'CurrentDate.year', 'year', 'CY', NULL, NULL, NULL, NULL, NULL, NULL, NULL, NULL, NULL, NULL, '0');
INSERT IGNORE INTO `sys_rule_condition_constraint` (`objid`, `parentid`, `field_objid`, `fieldname`, `varname`, `operator_caption`, `operator_symbol`, `usevar`, `var_objid`, `var_name`, `decimalvalue`, `intvalue`, `stringvalue`, `listvalue`, `datevalue`, `pos`) VALUES ('RCC7280357:166235c1be7:-7fac', 'RC7280357:166235c1be7:-7fad', 'CurrentDate.year', 'year', 'CY', NULL, NULL, NULL, NULL, NULL, NULL, NULL, NULL, NULL, NULL, '0');
INSERT IGNORE INTO `sys_rule_condition_constraint` (`objid`, `parentid`, `field_objid`, `fieldname`, `varname`, `operator_caption`, `operator_symbol`, `usevar`, `var_objid`, `var_name`, `decimalvalue`, `intvalue`, `stringvalue`, `listvalue`, `datevalue`, `pos`) VALUES ('RCC7280357:166235c1be7:-7fae', 'RC7280357:166235c1be7:-7faf', 'rptis.landtax.facts.RPTLedgerItemFact.year', 'year', NULL, 'greater than', '>', '1', 'RCC7280357:166235c1be7:-7fac', 'CY', NULL, NULL, NULL, NULL, NULL, '0');
INSERT IGNORE INTO `sys_rule_condition_constraint` (`objid`, `parentid`, `field_objid`, `fieldname`, `varname`, `operator_caption`, `operator_symbol`, `usevar`, `var_objid`, `var_name`, `decimalvalue`, `intvalue`, `stringvalue`, `listvalue`, `datevalue`, `pos`) VALUES ('RCC7280357:166235c1be7:-7fb3', 'RC7280357:166235c1be7:-7fb4', 'CurrentDate.year', 'year', 'CY', NULL, NULL, NULL, NULL, NULL, NULL, NULL, NULL, NULL, NULL, '0');
INSERT IGNORE INTO `sys_rule_condition_constraint` (`objid`, `parentid`, `field_objid`, `fieldname`, `varname`, `operator_caption`, `operator_symbol`, `usevar`, `var_objid`, `var_name`, `decimalvalue`, `intvalue`, `stringvalue`, `listvalue`, `datevalue`, `pos`) VALUES ('RCC7280357:166235c1be7:-7fb5', 'RC7280357:166235c1be7:-7fb6', 'rptis.landtax.facts.RPTLedgerItemFact.year', 'year', NULL, 'equal to', '==', '1', 'RCC7280357:166235c1be7:-7fb3', 'CY', NULL, NULL, NULL, NULL, NULL, '0');
INSERT IGNORE INTO `sys_rule_condition_constraint` (`objid`, `parentid`, `field_objid`, `fieldname`, `varname`, `operator_caption`, `operator_symbol`, `usevar`, `var_objid`, `var_name`, `decimalvalue`, `intvalue`, `stringvalue`, `listvalue`, `datevalue`, `pos`) VALUES ('RCC7280357:166235c1be7:-7fba', 'RC7280357:166235c1be7:-7fbb', 'CurrentDate.year', 'year', 'CY', NULL, NULL, NULL, NULL, NULL, NULL, NULL, NULL, NULL, NULL, '0');
INSERT IGNORE INTO `sys_rule_condition_constraint` (`objid`, `parentid`, `field_objid`, `fieldname`, `varname`, `operator_caption`, `operator_symbol`, `usevar`, `var_objid`, `var_name`, `decimalvalue`, `intvalue`, `stringvalue`, `listvalue`, `datevalue`, `pos`) VALUES ('RCC7280357:166235c1be7:-7fbc', 'RC7280357:166235c1be7:-7fbd', 'rptis.landtax.facts.RPTLedgerFact.lastyearpaid', 'lastyearpaid', NULL, 'equal to', '==', '1', 'RCC7280357:166235c1be7:-7fba', 'CY', NULL, NULL, NULL, NULL, NULL, '0');
INSERT IGNORE INTO `sys_rule_condition_constraint` (`objid`, `parentid`, `field_objid`, `fieldname`, `varname`, `operator_caption`, `operator_symbol`, `usevar`, `var_objid`, `var_name`, `decimalvalue`, `intvalue`, `stringvalue`, `listvalue`, `datevalue`, `pos`) VALUES ('RCC7280357:166235c1be7:-7fbf', 'RC7280357:166235c1be7:-7fc0', 'rptis.landtax.facts.Bill.billtoyear', 'billtoyear', NULL, 'greater than', '>', '1', 'RCC7280357:166235c1be7:-7fba', 'CY', NULL, NULL, NULL, NULL, NULL, '1');
INSERT IGNORE INTO `sys_rule_condition_constraint` (`objid`, `parentid`, `field_objid`, `fieldname`, `varname`, `operator_caption`, `operator_symbol`, `usevar`, `var_objid`, `var_name`, `decimalvalue`, `intvalue`, `stringvalue`, `listvalue`, `datevalue`, `pos`) VALUES ('RCC7280357:166235c1be7:-7fc6', 'RC7280357:166235c1be7:-7fc7', 'rptis.landtax.facts.RPTLedgerItemFact.qtrly', 'qtrly', NULL, 'not true', '== false', NULL, NULL, NULL, NULL, NULL, NULL, NULL, NULL, '1');
INSERT IGNORE INTO `sys_rule_condition_constraint` (`objid`, `parentid`, `field_objid`, `fieldname`, `varname`, `operator_caption`, `operator_symbol`, `usevar`, `var_objid`, `var_name`, `decimalvalue`, `intvalue`, `stringvalue`, `listvalue`, `datevalue`, `pos`) VALUES ('RCC7280357:166235c1be7:-7fc8', 'RC7280357:166235c1be7:-7fc9', 'rptis.landtax.facts.Bill.forpayment', 'forpayment', NULL, 'is true', '== true', NULL, NULL, NULL, NULL, NULL, NULL, NULL, NULL, '0');
INSERT IGNORE INTO `sys_rule_condition_constraint` (`objid`, `parentid`, `field_objid`, `fieldname`, `varname`, `operator_caption`, `operator_symbol`, `usevar`, `var_objid`, `var_name`, `decimalvalue`, `intvalue`, `stringvalue`, `listvalue`, `datevalue`, `pos`) VALUES ('RCC7b0d8ac2:17b97cca47c:-77af', 'RC7b0d8ac2:17b97cca47c:-77b1', 'CurrentDate.year', 'year', 'CY', NULL, NULL, NULL, NULL, NULL, NULL, NULL, NULL, NULL, NULL, '0');
INSERT IGNORE INTO `sys_rule_condition_constraint` (`objid`, `parentid`, `field_objid`, `fieldname`, `varname`, `operator_caption`, `operator_symbol`, `usevar`, `var_objid`, `var_name`, `decimalvalue`, `intvalue`, `stringvalue`, `listvalue`, `datevalue`, `pos`) VALUES ('RCC7b0d8ac2:17b97cca47c:-77b0', 'RC7b0d8ac2:17b97cca47c:-77b1', 'CurrentDate.qtr', 'qtr', 'CQTR', 'equal to', '==', NULL, NULL, NULL, NULL, '1', NULL, NULL, NULL, '1');
INSERT IGNORE INTO `sys_rule_condition_constraint` (`objid`, `parentid`, `field_objid`, `fieldname`, `varname`, `operator_caption`, `operator_symbol`, `usevar`, `var_objid`, `var_name`, `decimalvalue`, `intvalue`, `stringvalue`, `listvalue`, `datevalue`, `pos`) VALUES ('RCC7b0d8ac2:17b97cca47c:-77b2', 'RC7b0d8ac2:17b97cca47c:-77b5', 'rptis.landtax.facts.RPTLedgerItemFact.year', 'year', NULL, 'equal to', '==', '1', 'RCC7b0d8ac2:17b97cca47c:-77af', 'CY', NULL, NULL, NULL, NULL, NULL, '0');
INSERT IGNORE INTO `sys_rule_condition_constraint` (`objid`, `parentid`, `field_objid`, `fieldname`, `varname`, `operator_caption`, `operator_symbol`, `usevar`, `var_objid`, `var_name`, `decimalvalue`, `intvalue`, `stringvalue`, `listvalue`, `datevalue`, `pos`) VALUES ('RCC7b0d8ac2:17b97cca47c:-77b4', 'RC7b0d8ac2:17b97cca47c:-77b5', 'rptis.landtax.facts.RPTLedgerItemFact.amtdue', 'amtdue', 'TAX', NULL, NULL, NULL, NULL, NULL, NULL, NULL, NULL, NULL, NULL, '2');
INSERT IGNORE INTO `sys_rule_condition_constraint` (`objid`, `parentid`, `field_objid`, `fieldname`, `varname`, `operator_caption`, `operator_symbol`, `usevar`, `var_objid`, `var_name`, `decimalvalue`, `intvalue`, `stringvalue`, `listvalue`, `datevalue`, `pos`) VALUES ('RCONST-1a2d6e9b:1692d429304:-7746', 'RCOND-1a2d6e9b:1692d429304:-7748', 'rptis.landtax.facts.AssessedValue.av', 'av', 'AV', NULL, NULL, NULL, NULL, NULL, NULL, NULL, NULL, NULL, NULL, '1');
INSERT IGNORE INTO `sys_rule_condition_constraint` (`objid`, `parentid`, `field_objid`, `fieldname`, `varname`, `operator_caption`, `operator_symbol`, `usevar`, `var_objid`, `var_name`, `decimalvalue`, `intvalue`, `stringvalue`, `listvalue`, `datevalue`, `pos`) VALUES ('RCONST-1a2d6e9b:1692d429304:-7747', 'RCOND-1a2d6e9b:1692d429304:-7748', 'rptis.landtax.facts.AssessedValue.year', 'year', 'YR', NULL, NULL, NULL, NULL, NULL, NULL, NULL, NULL, NULL, NULL, '0');
INSERT IGNORE INTO `sys_rule_condition_constraint` (`objid`, `parentid`, `field_objid`, `fieldname`, `varname`, `operator_caption`, `operator_symbol`, `usevar`, `var_objid`, `var_name`, `decimalvalue`, `intvalue`, `stringvalue`, `listvalue`, `datevalue`, `pos`) VALUES ('RCONST-2ede6703:16642adb9ce:-79c8', 'RCOND-2ede6703:16642adb9ce:-7a39', 'rptis.landtax.facts.Bill.billdate', 'billdate', 'BILLDATE', NULL, NULL, NULL, NULL, NULL, NULL, NULL, NULL, NULL, NULL, '1');
INSERT IGNORE INTO `sys_rule_condition_constraint` (`objid`, `parentid`, `field_objid`, `fieldname`, `varname`, `operator_caption`, `operator_symbol`, `usevar`, `var_objid`, `var_name`, `decimalvalue`, `intvalue`, `stringvalue`, `listvalue`, `datevalue`, `pos`) VALUES ('RCONST-2ede6703:16642adb9ce:-7a03', 'RCOND-2ede6703:16642adb9ce:-7a39', 'rptis.landtax.facts.Bill.advancebill', 'advancebill', NULL, 'is true', '== true', NULL, NULL, NULL, NULL, NULL, NULL, NULL, NULL, '0');
INSERT IGNORE INTO `sys_rule_condition_constraint` (`objid`, `parentid`, `field_objid`, `fieldname`, `varname`, `operator_caption`, `operator_symbol`, `usevar`, `var_objid`, `var_name`, `decimalvalue`, `intvalue`, `stringvalue`, `listvalue`, `datevalue`, `pos`) VALUES ('RCONST-33cdb157:178b179a470:-7077', 'RC70978a15:166ae6875d1:-7f22', 'rptis.landtax.facts.RPTLedgerItemFact.monthsfromqt', 'monthsfromqtr', 'NMON', NULL, NULL, NULL, NULL, NULL, NULL, NULL, NULL, NULL, NULL, '5');
INSERT IGNORE INTO `sys_rule_condition_constraint` (`objid`, `parentid`, `field_objid`, `fieldname`, `varname`, `operator_caption`, `operator_symbol`, `usevar`, `var_objid`, `var_name`, `decimalvalue`, `intvalue`, `stringvalue`, `listvalue`, `datevalue`, `pos`) VALUES ('RCONST-44dc6a75:17b9a0317a2:-7270', 'RCOND-44dc6a75:17b9a0317a2:-7414', 'rptis.landtax.facts.RPTLedgerItemFact.amtdue', 'amtdue', 'TAX', NULL, NULL, NULL, NULL, NULL, NULL, NULL, NULL, NULL, NULL, '2');
INSERT IGNORE INTO `sys_rule_condition_constraint` (`objid`, `parentid`, `field_objid`, `fieldname`, `varname`, `operator_caption`, `operator_symbol`, `usevar`, `var_objid`, `var_name`, `decimalvalue`, `intvalue`, `stringvalue`, `listvalue`, `datevalue`, `pos`) VALUES ('RCONST-44dc6a75:17b9a0317a2:-734a', 'RCOND-44dc6a75:17b9a0317a2:-7414', 'rptis.landtax.facts.RPTLedgerItemFact.qtr', 'qtr', NULL, 'greater than or equal to', '>=', '1', 'RCONST-44dc6a75:17b9a0317a2:-74b2', 'CQTR', NULL, NULL, NULL, NULL, NULL, '1');
INSERT IGNORE INTO `sys_rule_condition_constraint` (`objid`, `parentid`, `field_objid`, `fieldname`, `varname`, `operator_caption`, `operator_symbol`, `usevar`, `var_objid`, `var_name`, `decimalvalue`, `intvalue`, `stringvalue`, `listvalue`, `datevalue`, `pos`) VALUES ('RCONST-44dc6a75:17b9a0317a2:-73c2', 'RCOND-44dc6a75:17b9a0317a2:-7414', 'rptis.landtax.facts.RPTLedgerItemFact.year', 'year', NULL, 'equal to', '==', '1', 'RCONST-44dc6a75:17b9a0317a2:-74ed', 'CY', NULL, NULL, NULL, NULL, NULL, '0');
INSERT IGNORE INTO `sys_rule_condition_constraint` (`objid`, `parentid`, `field_objid`, `fieldname`, `varname`, `operator_caption`, `operator_symbol`, `usevar`, `var_objid`, `var_name`, `decimalvalue`, `intvalue`, `stringvalue`, `listvalue`, `datevalue`, `pos`) VALUES ('RCONST-44dc6a75:17b9a0317a2:-74b2', 'RCOND-44dc6a75:17b9a0317a2:-7509', 'CurrentDate.qtr', 'qtr', 'CQTR', 'equal to', '==', NULL, NULL, NULL, NULL, '1', NULL, NULL, NULL, '1');
INSERT IGNORE INTO `sys_rule_condition_constraint` (`objid`, `parentid`, `field_objid`, `fieldname`, `varname`, `operator_caption`, `operator_symbol`, `usevar`, `var_objid`, `var_name`, `decimalvalue`, `intvalue`, `stringvalue`, `listvalue`, `datevalue`, `pos`) VALUES ('RCONST-44dc6a75:17b9a0317a2:-74ed', 'RCOND-44dc6a75:17b9a0317a2:-7509', 'CurrentDate.year', 'year', 'CY', NULL, NULL, NULL, NULL, NULL, NULL, NULL, NULL, NULL, NULL, '0');
INSERT IGNORE INTO `sys_rule_condition_constraint` (`objid`, `parentid`, `field_objid`, `fieldname`, `varname`, `operator_caption`, `operator_symbol`, `usevar`, `var_objid`, `var_name`, `decimalvalue`, `intvalue`, `stringvalue`, `listvalue`, `datevalue`, `pos`) VALUES ('RCONST2372be5b:17b4cb61bed:-3cc0', 'RC70978a15:166ae6875d1:-7f22', 'rptis.landtax.facts.RPTLedgerItemFact.qtr', 'qtr', NULL, 'less than', '<', '1', 'RCONST7e02b404:166ae687f42:-54ad', 'CQTR', NULL, NULL, NULL, NULL, NULL, '4');
INSERT IGNORE INTO `sys_rule_condition_constraint` (`objid`, `parentid`, `field_objid`, `fieldname`, `varname`, `operator_caption`, `operator_symbol`, `usevar`, `var_objid`, `var_name`, `decimalvalue`, `intvalue`, `stringvalue`, `listvalue`, `datevalue`, `pos`) VALUES ('RCONST2372be5b:17b4cb61bed:-6d20', 'RCOND2372be5b:17b4cb61bed:-6f13', 'rptis.landtax.facts.RPTLedgerItemFact.amtdue', 'amtdue', 'TAX', NULL, NULL, NULL, NULL, NULL, NULL, NULL, NULL, NULL, NULL, '2');
INSERT IGNORE INTO `sys_rule_condition_constraint` (`objid`, `parentid`, `field_objid`, `fieldname`, `varname`, `operator_caption`, `operator_symbol`, `usevar`, `var_objid`, `var_name`, `decimalvalue`, `intvalue`, `stringvalue`, `listvalue`, `datevalue`, `pos`) VALUES ('RCONST2372be5b:17b4cb61bed:-6e39', 'RCOND2372be5b:17b4cb61bed:-6f13', 'rptis.landtax.facts.RPTLedgerItemFact.qtrlypaymentavailed', 'qtrlypaymentavailed', NULL, 'not true', '== false', NULL, NULL, NULL, NULL, NULL, NULL, NULL, NULL, '1');
INSERT IGNORE INTO `sys_rule_condition_constraint` (`objid`, `parentid`, `field_objid`, `fieldname`, `varname`, `operator_caption`, `operator_symbol`, `usevar`, `var_objid`, `var_name`, `decimalvalue`, `intvalue`, `stringvalue`, `listvalue`, `datevalue`, `pos`) VALUES ('RCONST2372be5b:17b4cb61bed:-6ec1', 'RCOND2372be5b:17b4cb61bed:-6f13', 'rptis.landtax.facts.RPTLedgerItemFact.year', 'year', NULL, 'greater than', '>', '1', 'RCONST2372be5b:17b4cb61bed:-6fec', 'CY', NULL, NULL, NULL, NULL, NULL, '0');
INSERT IGNORE INTO `sys_rule_condition_constraint` (`objid`, `parentid`, `field_objid`, `fieldname`, `varname`, `operator_caption`, `operator_symbol`, `usevar`, `var_objid`, `var_name`, `decimalvalue`, `intvalue`, `stringvalue`, `listvalue`, `datevalue`, `pos`) VALUES ('RCONST2372be5b:17b4cb61bed:-6fb1', 'RCOND2372be5b:17b4cb61bed:-7008', 'CurrentDate.qtr', 'qtr', NULL, 'less than or equal to', '<=', NULL, NULL, NULL, NULL, '4', NULL, NULL, NULL, '1');
INSERT IGNORE INTO `sys_rule_condition_constraint` (`objid`, `parentid`, `field_objid`, `fieldname`, `varname`, `operator_caption`, `operator_symbol`, `usevar`, `var_objid`, `var_name`, `decimalvalue`, `intvalue`, `stringvalue`, `listvalue`, `datevalue`, `pos`) VALUES ('RCONST2372be5b:17b4cb61bed:-6fec', 'RCOND2372be5b:17b4cb61bed:-7008', 'CurrentDate.year', 'year', 'CY', NULL, NULL, NULL, NULL, NULL, NULL, NULL, NULL, NULL, NULL, '0');
INSERT IGNORE INTO `sys_rule_condition_constraint` (`objid`, `parentid`, `field_objid`, `fieldname`, `varname`, `operator_caption`, `operator_symbol`, `usevar`, `var_objid`, `var_name`, `decimalvalue`, `intvalue`, `stringvalue`, `listvalue`, `datevalue`, `pos`) VALUES ('RCONST2372be5b:17b4cb61bed:-711a', 'RCOND2372be5b:17b4cb61bed:-71a2', 'rptis.landtax.facts.RPTLedgerItemFact.backtax', 'backtax', NULL, 'is true', '== true', NULL, NULL, NULL, NULL, NULL, NULL, NULL, NULL, '0');
INSERT IGNORE INTO `sys_rule_condition_constraint` (`objid`, `parentid`, `field_objid`, `fieldname`, `varname`, `operator_caption`, `operator_symbol`, `usevar`, `var_objid`, `var_name`, `decimalvalue`, `intvalue`, `stringvalue`, `listvalue`, `datevalue`, `pos`) VALUES ('RCONST2372be5b:17b4cb61bed:-7585', 'RC70978a15:166ae6875d1:-7f22', 'rptis.landtax.facts.RPTLedgerItemFact.monthsfromqtr', 'monthsfromqtr', 'NMON', NULL, NULL, '0', NULL, NULL, NULL, NULL, NULL, NULL, NULL, '3');
INSERT IGNORE INTO `sys_rule_condition_constraint` (`objid`, `parentid`, `field_objid`, `fieldname`, `varname`, `operator_caption`, `operator_symbol`, `usevar`, `var_objid`, `var_name`, `decimalvalue`, `intvalue`, `stringvalue`, `listvalue`, `datevalue`, `pos`) VALUES ('RCONST2372be5b:17b4cb61bed:-7917', 'RC-43a97d40:17b4cb60c0d:-7fbf', 'rptis.landtax.facts.RPTLedgerItemFact.year', 'year', NULL, 'greater than or equal to', '>=', NULL, NULL, NULL, NULL, '1992', NULL, NULL, NULL, '3');
INSERT IGNORE INTO `sys_rule_condition_constraint` (`objid`, `parentid`, `field_objid`, `fieldname`, `varname`, `operator_caption`, `operator_symbol`, `usevar`, `var_objid`, `var_name`, `decimalvalue`, `intvalue`, `stringvalue`, `listvalue`, `datevalue`, `pos`) VALUES ('RCONST2372be5b:17b4cb61bed:-7af8', 'RC-43a97d40:17b4cb60c0d:-7fc8', 'rptis.landtax.facts.RPTLedgerItemFact.year', 'year', NULL, 'less than or equal to', '<=', NULL, NULL, NULL, NULL, '1991', NULL, NULL, NULL, '2');
INSERT IGNORE INTO `sys_rule_condition_constraint` (`objid`, `parentid`, `field_objid`, `fieldname`, `varname`, `operator_caption`, `operator_symbol`, `usevar`, `var_objid`, `var_name`, `decimalvalue`, `intvalue`, `stringvalue`, `listvalue`, `datevalue`, `pos`) VALUES ('RCONST43877190:16db8bfd315:-6faf', 'RC-17442746:16be936f033:-7e86', 'rptis.landtax.facts.RPTLedgerItemFact.revtype', 'revtype', NULL, 'is any of the ff.', 'matches', NULL, NULL, NULL, NULL, NULL, NULL, '[\"basic\",\"sef\"]', NULL, '1');
INSERT IGNORE INTO `sys_rule_condition_constraint` (`objid`, `parentid`, `field_objid`, `fieldname`, `varname`, `operator_caption`, `operator_symbol`, `usevar`, `var_objid`, `var_name`, `decimalvalue`, `intvalue`, `stringvalue`, `listvalue`, `datevalue`, `pos`) VALUES ('RCONST5ffbdc02:166e7b2c367:-641c', 'RC70978a15:166ae6875d1:-7f22', 'rptis.landtax.facts.RPTLedgerItemFact.amtdue', 'amtdue', 'TAX', NULL, NULL, NULL, NULL, NULL, NULL, NULL, NULL, NULL, NULL, '4');
INSERT IGNORE INTO `sys_rule_condition_constraint` (`objid`, `parentid`, `field_objid`, `fieldname`, `varname`, `operator_caption`, `operator_symbol`, `usevar`, `var_objid`, `var_name`, `decimalvalue`, `intvalue`, `stringvalue`, `listvalue`, `datevalue`, `pos`) VALUES ('RCONST5ffbdc02:166e7b2c367:-66a5', 'RC70978a15:166ae6875d1:-7f22', 'rptis.landtax.facts.RPTLedgerItemFact.year', 'year', NULL, 'equal to', '==', '1', 'RCC70978a15:166ae6875d1:-7f23', 'CY', NULL, NULL, NULL, NULL, NULL, '1');
INSERT IGNORE INTO `sys_rule_condition_constraint` (`objid`, `parentid`, `field_objid`, `fieldname`, `varname`, `operator_caption`, `operator_symbol`, `usevar`, `var_objid`, `var_name`, `decimalvalue`, `intvalue`, `stringvalue`, `listvalue`, `datevalue`, `pos`) VALUES ('RCONST7c9b26f3:17c2a7f2220:-6c79', 'RCOND7c9b26f3:17c2a7f2220:-7239', 'rptis.landtax.facts.RPTLedgerItemFact.revtype', 'revtype', NULL, 'is any of the ff.', 'matches', NULL, NULL, NULL, NULL, NULL, NULL, '[\"basic\",\"sef\"]', NULL, '4');
INSERT IGNORE INTO `sys_rule_condition_constraint` (`objid`, `parentid`, `field_objid`, `fieldname`, `varname`, `operator_caption`, `operator_symbol`, `usevar`, `var_objid`, `var_name`, `decimalvalue`, `intvalue`, `stringvalue`, `listvalue`, `datevalue`, `pos`) VALUES ('RCONST7c9b26f3:17c2a7f2220:-6dd3', 'RCOND7c9b26f3:17c2a7f2220:-7239', 'rptis.landtax.facts.RPTLedgerItemFact.qtrlypaymentavailed', 'qtrlypaymentavailed', NULL, 'not true', '== false', NULL, NULL, NULL, NULL, NULL, NULL, NULL, NULL, '3');
INSERT IGNORE INTO `sys_rule_condition_constraint` (`objid`, `parentid`, `field_objid`, `fieldname`, `varname`, `operator_caption`, `operator_symbol`, `usevar`, `var_objid`, `var_name`, `decimalvalue`, `intvalue`, `stringvalue`, `listvalue`, `datevalue`, `pos`) VALUES ('RCONST7c9b26f3:17c2a7f2220:-6f57', 'RCOND7c9b26f3:17c2a7f2220:-7239', 'rptis.landtax.facts.RPTLedgerItemFact.amtdue', 'amtdue', 'TAX', NULL, NULL, NULL, NULL, NULL, NULL, NULL, NULL, NULL, NULL, '2');
INSERT IGNORE INTO `sys_rule_condition_constraint` (`objid`, `parentid`, `field_objid`, `fieldname`, `varname`, `operator_caption`, `operator_symbol`, `usevar`, `var_objid`, `var_name`, `decimalvalue`, `intvalue`, `stringvalue`, `listvalue`, `datevalue`, `pos`) VALUES ('RCONST7c9b26f3:17c2a7f2220:-707b', 'RCOND7c9b26f3:17c2a7f2220:-7239', 'rptis.landtax.facts.RPTLedgerItemFact.monthsfromjan', 'monthsfromjan', 'NMON', NULL, NULL, NULL, NULL, NULL, NULL, NULL, NULL, NULL, NULL, '1');
INSERT IGNORE INTO `sys_rule_condition_constraint` (`objid`, `parentid`, `field_objid`, `fieldname`, `varname`, `operator_caption`, `operator_symbol`, `usevar`, `var_objid`, `var_name`, `decimalvalue`, `intvalue`, `stringvalue`, `listvalue`, `datevalue`, `pos`) VALUES ('RCONST7c9b26f3:17c2a7f2220:-71e5', 'RCOND7c9b26f3:17c2a7f2220:-7239', 'rptis.landtax.facts.RPTLedgerItemFact.year', 'year', NULL, 'equal to', '==', '1', 'RCONST7c9b26f3:17c2a7f2220:-7314', 'CY', NULL, NULL, NULL, NULL, NULL, '0');
INSERT IGNORE INTO `sys_rule_condition_constraint` (`objid`, `parentid`, `field_objid`, `fieldname`, `varname`, `operator_caption`, `operator_symbol`, `usevar`, `var_objid`, `var_name`, `decimalvalue`, `intvalue`, `stringvalue`, `listvalue`, `datevalue`, `pos`) VALUES ('RCONST7c9b26f3:17c2a7f2220:-72d8', 'RCOND7c9b26f3:17c2a7f2220:-7330', 'CurrentDate.qtr', 'qtr', 'CQTR', 'greater than or equal to', '>=', NULL, NULL, NULL, NULL, '2', NULL, NULL, NULL, '1');
INSERT IGNORE INTO `sys_rule_condition_constraint` (`objid`, `parentid`, `field_objid`, `fieldname`, `varname`, `operator_caption`, `operator_symbol`, `usevar`, `var_objid`, `var_name`, `decimalvalue`, `intvalue`, `stringvalue`, `listvalue`, `datevalue`, `pos`) VALUES ('RCONST7c9b26f3:17c2a7f2220:-7314', 'RCOND7c9b26f3:17c2a7f2220:-7330', 'CurrentDate.year', 'year', 'CY', NULL, NULL, NULL, NULL, NULL, NULL, NULL, NULL, NULL, NULL, '0');
INSERT IGNORE INTO `sys_rule_condition_constraint` (`objid`, `parentid`, `field_objid`, `fieldname`, `varname`, `operator_caption`, `operator_symbol`, `usevar`, `var_objid`, `var_name`, `decimalvalue`, `intvalue`, `stringvalue`, `listvalue`, `datevalue`, `pos`) VALUES ('RCONST7e02b404:166ae687f42:-54ad', 'RC70978a15:166ae6875d1:-7f24', 'CurrentDate.qtr', 'qtr', 'CQTR', 'greater than', '>', NULL, NULL, NULL, NULL, '1', NULL, NULL, NULL, '1');
INSERT IGNORE INTO `sys_rule_condition_constraint` (`objid`, `parentid`, `field_objid`, `fieldname`, `varname`, `operator_caption`, `operator_symbol`, `usevar`, `var_objid`, `var_name`, `decimalvalue`, `intvalue`, `stringvalue`, `listvalue`, `datevalue`, `pos`) VALUES ('RCONSTec9d7ab:166235c2e16:-2ea1', 'RCONDec9d7ab:166235c2e16:-2ec7', 'rptis.landtax.facts.Bill.currentdate', 'currentdate', 'CDATE', NULL, NULL, NULL, NULL, NULL, NULL, NULL, NULL, NULL, NULL, '0');
INSERT IGNORE INTO `sys_rule_condition_constraint` (`objid`, `parentid`, `field_objid`, `fieldname`, `varname`, `operator_caption`, `operator_symbol`, `usevar`, `var_objid`, `var_name`, `decimalvalue`, `intvalue`, `stringvalue`, `listvalue`, `datevalue`, `pos`) VALUES ('RCONSTec9d7ab:166235c2e16:-311f', 'RC7280357:166235c1be7:-7fbd', 'rptis.landtax.facts.RPTLedgerFact.lastqtrpaid', 'lastqtrpaid', NULL, 'equal to', '==', NULL, NULL, NULL, NULL, '4', NULL, NULL, NULL, '1');
INSERT IGNORE INTO `sys_rule_condition_constraint` (`objid`, `parentid`, `field_objid`, `fieldname`, `varname`, `operator_caption`, `operator_symbol`, `usevar`, `var_objid`, `var_name`, `decimalvalue`, `intvalue`, `stringvalue`, `listvalue`, `datevalue`, `pos`) VALUES ('RCONSTec9d7ab:166235c2e16:-36b2', 'RC7280357:166235c1be7:-7fc7', 'rptis.landtax.facts.RPTLedgerItemFact.revtype', 'revtype', NULL, 'is any of the ff.', 'matches', '0', NULL, NULL, NULL, NULL, NULL, '[\"basic\",\"sef\"]', NULL, '1');
INSERT IGNORE INTO `sys_rule_condition_constraint` (`objid`, `parentid`, `field_objid`, `fieldname`, `varname`, `operator_caption`, `operator_symbol`, `usevar`, `var_objid`, `var_name`, `decimalvalue`, `intvalue`, `stringvalue`, `listvalue`, `datevalue`, `pos`) VALUES ('RCONSTec9d7ab:166235c2e16:-38dd', 'RCONDec9d7ab:166235c2e16:-3905', 'rptis.landtax.facts.Bill.forpayment', 'forpayment', NULL, 'not true', '== false', NULL, NULL, NULL, NULL, NULL, NULL, NULL, NULL, '0');
INSERT IGNORE INTO `sys_rule_condition_constraint` (`objid`, `parentid`, `field_objid`, `fieldname`, `varname`, `operator_caption`, `operator_symbol`, `usevar`, `var_objid`, `var_name`, `decimalvalue`, `intvalue`, `stringvalue`, `listvalue`, `datevalue`, `pos`) VALUES ('RCONSTec9d7ab:166235c2e16:-39af', 'RCONDec9d7ab:166235c2e16:-3b0b', 'rptis.landtax.facts.RPTLedgerItemFact.qtrly', 'qtrly', NULL, 'is true', '== true', NULL, NULL, NULL, NULL, NULL, NULL, NULL, NULL, '1');
INSERT IGNORE INTO `sys_rule_condition_constraint` (`objid`, `parentid`, `field_objid`, `fieldname`, `varname`, `operator_caption`, `operator_symbol`, `usevar`, `var_objid`, `var_name`, `decimalvalue`, `intvalue`, `stringvalue`, `listvalue`, `datevalue`, `pos`) VALUES ('RCONSTec9d7ab:166235c2e16:-3abb', 'RCONDec9d7ab:166235c2e16:-3b0b', 'rptis.landtax.facts.RPTLedgerItemFact.year', 'year', NULL, 'less than', '<', '1', 'RCONSTec9d7ab:166235c2e16:-3b8e', 'CY', NULL, NULL, NULL, NULL, NULL, '0');
INSERT IGNORE INTO `sys_rule_condition_constraint` (`objid`, `parentid`, `field_objid`, `fieldname`, `varname`, `operator_caption`, `operator_symbol`, `usevar`, `var_objid`, `var_name`, `decimalvalue`, `intvalue`, `stringvalue`, `listvalue`, `datevalue`, `pos`) VALUES ('RCONSTec9d7ab:166235c2e16:-3b8e', 'RCONDec9d7ab:166235c2e16:-3baa', 'CurrentDate.year', 'year', 'CY', NULL, NULL, NULL, NULL, NULL, NULL, NULL, NULL, NULL, NULL, '0');

INSERT IGNORE INTO `sys_rule_action` (`objid`, `parentid`, `actiondef_objid`, `actiondef_name`, `pos`) VALUES ('RA-17442746:16be936f033:-7e82', 'RUL483027b0:16be9375c61:-77e6', 'rptis.landtax.actions.CalcTax', 'calc-tax', '0');
INSERT IGNORE INTO `sys_rule_action` (`objid`, `parentid`, `actiondef_objid`, `actiondef_name`, `pos`) VALUES ('RA-43a97d40:17b4cb60c0d:-7e8c', 'RUL2372be5b:17b4cb61bed:-3a38', 'rptis.landtax.actions.AggregateLedgerItem', 'aggregate-bill-item', '0');
INSERT IGNORE INTO `sys_rule_action` (`objid`, `parentid`, `actiondef_objid`, `actiondef_name`, `pos`) VALUES ('RA-43a97d40:17b4cb60c0d:-7ec1', 'RUL2372be5b:17b4cb61bed:-418b', 'rptis.landtax.actions.SplitByQtr', 'split-by-qtr', '0');
INSERT IGNORE INTO `sys_rule_action` (`objid`, `parentid`, `actiondef_objid`, `actiondef_name`, `pos`) VALUES ('RA-43a97d40:17b4cb60c0d:-7f97', 'RUL2372be5b:17b4cb61bed:-6b97', 'rptis.landtax.actions.CalcDiscount', 'calc-discount', '0');
INSERT IGNORE INTO `sys_rule_action` (`objid`, `parentid`, `actiondef_objid`, `actiondef_name`, `pos`) VALUES ('RA-43a97d40:17b4cb60c0d:-7fb9', 'RUL2372be5b:17b4cb61bed:-79ec', 'rptis.landtax.actions.CalcInterest', 'calc-interest', '0');
INSERT IGNORE INTO `sys_rule_action` (`objid`, `parentid`, `actiondef_objid`, `actiondef_name`, `pos`) VALUES ('RA-43a97d40:17b4cb60c0d:-7fc5', 'RUL2372be5b:17b4cb61bed:-7b89', 'rptis.landtax.actions.CalcInterest', 'calc-interest', '0');
INSERT IGNORE INTO `sys_rule_action` (`objid`, `parentid`, `actiondef_objid`, `actiondef_name`, `pos`) VALUES ('RA-43a97d40:17b4cb60c0d:-7fd0', 'RUL2372be5b:17b4cb61bed:-7cda', 'rptis.landtax.actions.CalcInterest', 'calc-interest', '0');
INSERT IGNORE INTO `sys_rule_action` (`objid`, `parentid`, `actiondef_objid`, `actiondef_name`, `pos`) VALUES ('RA-521c9281:18478d47600:-7f91', 'RUL3d5e3584:18478d2e77d:-7c49', 'rptis.landtax.actions.CalcInterest', 'calc-interest', '0');
INSERT IGNORE INTO `sys_rule_action` (`objid`, `parentid`, `actiondef_objid`, `actiondef_name`, `pos`) VALUES ('RA440e47f4:166ae4152f1:-7fbc', 'RUL1262ad19:166ae41b1fb:-7c88', 'rptis.landtax.actions.CreateTaxSummary', 'create-tax-summary', '0');
INSERT IGNORE INTO `sys_rule_action` (`objid`, `parentid`, `actiondef_objid`, `actiondef_name`, `pos`) VALUES ('RA7280357:166235c1be7:-7fab', 'RULec9d7ab:166235c2e16:-26bf', 'rptis.landtax.actions.CreateTaxSummary', 'create-tax-summary', '0');
INSERT IGNORE INTO `sys_rule_action` (`objid`, `parentid`, `actiondef_objid`, `actiondef_name`, `pos`) VALUES ('RA7280357:166235c1be7:-7fb2', 'RULec9d7ab:166235c2e16:-26d0', 'rptis.landtax.actions.CreateTaxSummary', 'create-tax-summary', '0');
INSERT IGNORE INTO `sys_rule_action` (`objid`, `parentid`, `actiondef_objid`, `actiondef_name`, `pos`) VALUES ('RA7280357:166235c1be7:-7fb9', 'RULec9d7ab:166235c2e16:-319f', 'rptis.landtax.actions.SetBillExpiryDate', 'set-bill-expiry', '0');
INSERT IGNORE INTO `sys_rule_action` (`objid`, `parentid`, `actiondef_objid`, `actiondef_name`, `pos`) VALUES ('RA7b0d8ac2:17b97cca47c:-77ab', 'RUL-44dc6a75:17b9a0317a2:-1b9c', 'rptis.landtax.actions.CalcDiscount', 'calc-discount', '0');
INSERT IGNORE INTO `sys_rule_action` (`objid`, `parentid`, `actiondef_objid`, `actiondef_name`, `pos`) VALUES ('RA7b0d8ac2:17b97cca47c:-77ae', 'RUL-44dc6a75:17b9a0317a2:-1b9c', 'rptis.landtax.actions.CalcInterest', 'calc-interest', '0');
INSERT IGNORE INTO `sys_rule_action` (`objid`, `parentid`, `actiondef_objid`, `actiondef_name`, `pos`) VALUES ('RACT-1a2d6e9b:1692d429304:-7649', 'RUL-1a2d6e9b:1692d429304:-7779', 'rptis.landtax.actions.AddSef', 'add-sef', '0');
INSERT IGNORE INTO `sys_rule_action` (`objid`, `parentid`, `actiondef_objid`, `actiondef_name`, `pos`) VALUES ('RACT-1a2d6e9b:1692d429304:-7700', 'RUL-1a2d6e9b:1692d429304:-7779', 'rptis.landtax.actions.AddBasic', 'add-basic', '0');
INSERT IGNORE INTO `sys_rule_action` (`objid`, `parentid`, `actiondef_objid`, `actiondef_name`, `pos`) VALUES ('RACT-2ede6703:16642adb9ce:-794c', 'RUL-2ede6703:16642adb9ce:-7ba0', 'rptis.landtax.actions.SetBillExpiryDate', 'set-bill-expiry', '0');
INSERT IGNORE INTO `sys_rule_action` (`objid`, `parentid`, `actiondef_objid`, `actiondef_name`, `pos`) VALUES ('RACT-44dc6a75:17b9a0317a2:-70dc', 'RUL-44dc6a75:17b9a0317a2:-7555', 'rptis.landtax.actions.CalcInterest', 'calc-interest', '0');
INSERT IGNORE INTO `sys_rule_action` (`objid`, `parentid`, `actiondef_objid`, `actiondef_name`, `pos`) VALUES ('RACT-44dc6a75:17b9a0317a2:-71c2', 'RUL-44dc6a75:17b9a0317a2:-7555', 'rptis.landtax.actions.CalcDiscount', 'calc-discount', '0');
INSERT IGNORE INTO `sys_rule_action` (`objid`, `parentid`, `actiondef_objid`, `actiondef_name`, `pos`) VALUES ('RACT2372be5b:17b4cb61bed:-6c2b', 'RUL2372be5b:17b4cb61bed:-705a', 'rptis.landtax.actions.CalcDiscount', 'calc-discount', '0');
INSERT IGNORE INTO `sys_rule_action` (`objid`, `parentid`, `actiondef_objid`, `actiondef_name`, `pos`) VALUES ('RACT2372be5b:17b4cb61bed:-70bf', 'RUL2372be5b:17b4cb61bed:-7207', 'rptis.landtax.actions.CalcInterest', 'calc-interest', '0');
INSERT IGNORE INTO `sys_rule_action` (`objid`, `parentid`, `actiondef_objid`, `actiondef_name`, `pos`) VALUES ('RACT5ffbdc02:166e7b2c367:-6229', 'RUL7e02b404:166ae687f42:-5511', 'rptis.landtax.actions.CalcInterest', 'calc-interest', '0');
INSERT IGNORE INTO `sys_rule_action` (`objid`, `parentid`, `actiondef_objid`, `actiondef_name`, `pos`) VALUES ('RACT7c9b26f3:17c2a7f2220:-6afd', 'RUL7c9b26f3:17c2a7f2220:-737c', 'rptis.landtax.actions.CalcInterest', 'calc-interest', '0');
INSERT IGNORE INTO `sys_rule_action` (`objid`, `parentid`, `actiondef_objid`, `actiondef_name`, `pos`) VALUES ('RACTec9d7ab:166235c2e16:-249a', 'RULec9d7ab:166235c2e16:-255e', 'rptis.landtax.actions.AddBillItem', 'add-billitem', '0');
INSERT IGNORE INTO `sys_rule_action` (`objid`, `parentid`, `actiondef_objid`, `actiondef_name`, `pos`) VALUES ('RACTec9d7ab:166235c2e16:-2e2e', 'RULec9d7ab:166235c2e16:-2f1f', 'rptis.landtax.actions.SetBillExpiryDate', 'set-bill-expiry', '0');
INSERT IGNORE INTO `sys_rule_action` (`objid`, `parentid`, `actiondef_objid`, `actiondef_name`, `pos`) VALUES ('RACTec9d7ab:166235c2e16:-35b3', 'RULec9d7ab:166235c2e16:-3811', 'rptis.landtax.actions.SplitLedgerItem', 'split-bill-item', '0');
INSERT IGNORE INTO `sys_rule_action` (`objid`, `parentid`, `actiondef_objid`, `actiondef_name`, `pos`) VALUES ('RACTec9d7ab:166235c2e16:-3879', 'RULec9d7ab:166235c2e16:-3c17', 'rptis.landtax.actions.AggregateLedgerItem', 'aggregate-bill-item', '0');

INSERT IGNORE INTO `sys_rule_actiondef` (`objid`, `name`, `title`, `sortorder`, `actionname`, `domain`, `actionclass`) VALUES ('rptis.landtax.actions.AddBasic', 'add-basic', 'Add Basic Entry', '1', 'add-basic', 'landtax', 'rptis.landtax.actions.AddBasic');
INSERT IGNORE INTO `sys_rule_actiondef` (`objid`, `name`, `title`, `sortorder`, `actionname`, `domain`, `actionclass`) VALUES ('rptis.landtax.actions.AddBillItem', 'add-billitem', 'Add Bill Item', '25', 'add-billitem', 'landtax', 'rptis.landtax.actions.AddBillItem');
INSERT IGNORE INTO `sys_rule_actiondef` (`objid`, `name`, `title`, `sortorder`, `actionname`, `domain`, `actionclass`) VALUES ('rptis.landtax.actions.AddFireCode', 'add-firecode', 'Add Fire Code', '10', 'add-firecode', 'landtax', 'rptis.landtax.actions.AddFireCode');
INSERT IGNORE INTO `sys_rule_actiondef` (`objid`, `name`, `title`, `sortorder`, `actionname`, `domain`, `actionclass`) VALUES ('rptis.landtax.actions.AddIdleLand', 'add-basicidle', 'Add Idle Land Entry', '6', 'add-basicidle', 'landtax', 'rptis.landtax.actions.AddIdleLand');
INSERT IGNORE INTO `sys_rule_actiondef` (`objid`, `name`, `title`, `sortorder`, `actionname`, `domain`, `actionclass`) VALUES ('rptis.landtax.actions.AddSef', 'add-sef', 'Add SEF Entry', '5', 'add-sef', 'landtax', 'rptis.landtax.actions.AddSef');
INSERT IGNORE INTO `sys_rule_actiondef` (`objid`, `name`, `title`, `sortorder`, `actionname`, `domain`, `actionclass`) VALUES ('rptis.landtax.actions.AddShare', 'add-share', 'Add Revenue Share', '28', 'add-share', 'landtax', 'rptis.landtax.actions.AddShare');
INSERT IGNORE INTO `sys_rule_actiondef` (`objid`, `name`, `title`, `sortorder`, `actionname`, `domain`, `actionclass`) VALUES ('rptis.landtax.actions.AddSocialHousing', 'add-sh', 'Add Social Housing Entry', '8', 'add-sh', 'landtax', 'rptis.landtax.actions.AddSocialHousing');
INSERT IGNORE INTO `sys_rule_actiondef` (`objid`, `name`, `title`, `sortorder`, `actionname`, `domain`, `actionclass`) VALUES ('rptis.landtax.actions.AggregateLedgerItem', 'aggregate-bill-item', 'Aggregate Ledger Items', '12', 'aggregate-bill-item', 'landtax', 'rptis.landtax.actions.AggregateLedgerItem');
INSERT IGNORE INTO `sys_rule_actiondef` (`objid`, `name`, `title`, `sortorder`, `actionname`, `domain`, `actionclass`) VALUES ('rptis.landtax.actions.CalcDiscount', 'calc-discount', 'Calculate Discount', '6', 'calc-discount', 'landtax', 'rptis.landtax.actions.CalcDiscount');
INSERT IGNORE INTO `sys_rule_actiondef` (`objid`, `name`, `title`, `sortorder`, `actionname`, `domain`, `actionclass`) VALUES ('rptis.landtax.actions.CalcInterest', 'calc-interest', 'Calculate Interest', '5', 'calc-interest', 'landtax', 'rptis.landtax.actions.CalcInterest');
INSERT IGNORE INTO `sys_rule_actiondef` (`objid`, `name`, `title`, `sortorder`, `actionname`, `domain`, `actionclass`) VALUES ('rptis.landtax.actions.CalcTax', 'calc-tax', 'Calculate Tax', '1001', 'calc-tax', 'landtax', 'rptis.landtax.actions.CalcTax');
INSERT IGNORE INTO `sys_rule_actiondef` (`objid`, `name`, `title`, `sortorder`, `actionname`, `domain`, `actionclass`) VALUES ('rptis.landtax.actions.CreateTaxSummary', 'create-tax-summary', 'Create Tax Summary', '20', 'create-tax-summary', 'landtax', 'rptis.landtax.actions.CreateTaxSummary');
INSERT IGNORE INTO `sys_rule_actiondef` (`objid`, `name`, `title`, `sortorder`, `actionname`, `domain`, `actionclass`) VALUES ('rptis.landtax.actions.RemoveLedgerItem', 'remove-bill-item', 'Remove Ledger Item', '11', 'remove-bill-item', 'landtax', 'rptis.landtax.actions.RemoveLedgerItem');
INSERT IGNORE INTO `sys_rule_actiondef` (`objid`, `name`, `title`, `sortorder`, `actionname`, `domain`, `actionclass`) VALUES ('rptis.landtax.actions.SetBillExpiryDate', 'set-bill-expiry', 'Set Bill Expiry Date', '20', 'set-bill-expiry', 'landtax', 'rptis.landtax.actions.SetBillExpiryDate');
INSERT IGNORE INTO `sys_rule_actiondef` (`objid`, `name`, `title`, `sortorder`, `actionname`, `domain`, `actionclass`) VALUES ('rptis.landtax.actions.SplitByQtr', 'split-by-qtr', 'Split By Quarter', '0', 'split-by-qtr', 'LANDTAX', 'rptis.landtax.actions.SplitByQtr');
INSERT IGNORE INTO `sys_rule_actiondef` (`objid`, `name`, `title`, `sortorder`, `actionname`, `domain`, `actionclass`) VALUES ('rptis.landtax.actions.SplitLedgerItem', 'split-bill-item', 'Split Ledger Item', '10', 'split-bill-item', 'landtax', 'rptis.landtax.actions.SplitLedgerItem');
INSERT IGNORE INTO `sys_rule_actiondef` (`objid`, `name`, `title`, `sortorder`, `actionname`, `domain`, `actionclass`) VALUES ('rptis.landtax.actions.UpdateAV', 'update-av', 'Update AV', '1000', 'update-av', 'LANDTAX', 'rptis.landtax.actions.UpdateAV');

INSERT IGNORE INTO `sys_rule_actiondef_param` (`objid`, `parentid`, `name`, `sortorder`, `title`, `datatype`, `handler`, `lookuphandler`, `lookupkey`, `lookupvalue`, `vardatatype`, `lovname`) VALUES ('rptis.landtax.actions.AddBasic.av', 'rptis.landtax.actions.AddBasic', 'av', '3', 'AV', NULL, 'expression', NULL, NULL, NULL, NULL, NULL);
INSERT IGNORE INTO `sys_rule_actiondef_param` (`objid`, `parentid`, `name`, `sortorder`, `title`, `datatype`, `handler`, `lookuphandler`, `lookupkey`, `lookupvalue`, `vardatatype`, `lovname`) VALUES ('rptis.landtax.actions.AddBasic.avfact', 'rptis.landtax.actions.AddBasic', 'avfact', '1', 'AV Info', NULL, 'var', NULL, NULL, NULL, 'rptis.landtax.facts.AssessedValue', NULL);
INSERT IGNORE INTO `sys_rule_actiondef_param` (`objid`, `parentid`, `name`, `sortorder`, `title`, `datatype`, `handler`, `lookuphandler`, `lookupkey`, `lookupvalue`, `vardatatype`, `lovname`) VALUES ('rptis.landtax.actions.AddBasic.year', 'rptis.landtax.actions.AddBasic', 'year', '2', 'Year', NULL, 'var', NULL, NULL, NULL, 'integer', NULL);
INSERT IGNORE INTO `sys_rule_actiondef_param` (`objid`, `parentid`, `name`, `sortorder`, `title`, `datatype`, `handler`, `lookuphandler`, `lookupkey`, `lookupvalue`, `vardatatype`, `lovname`) VALUES ('rptis.landtax.actions.AddBillItem.taxsummary', 'rptis.landtax.actions.AddBillItem', 'taxsummary', '1', 'Tax Summary', NULL, 'var', NULL, NULL, NULL, 'rptis.landtax.facts.RPTLedgerTaxSummaryFact', NULL);
INSERT IGNORE INTO `sys_rule_actiondef_param` (`objid`, `parentid`, `name`, `sortorder`, `title`, `datatype`, `handler`, `lookuphandler`, `lookupkey`, `lookupvalue`, `vardatatype`, `lovname`) VALUES ('rptis.landtax.actions.AddFireCode.av', 'rptis.landtax.actions.AddFireCode', 'av', '3', 'AV', NULL, 'expression', NULL, NULL, NULL, NULL, NULL);
INSERT IGNORE INTO `sys_rule_actiondef_param` (`objid`, `parentid`, `name`, `sortorder`, `title`, `datatype`, `handler`, `lookuphandler`, `lookupkey`, `lookupvalue`, `vardatatype`, `lovname`) VALUES ('rptis.landtax.actions.AddFireCode.avfact', 'rptis.landtax.actions.AddFireCode', 'avfact', '1', 'AV Info', NULL, 'var', NULL, NULL, NULL, 'rptis.landtax.facts.AssessedValue', NULL);
INSERT IGNORE INTO `sys_rule_actiondef_param` (`objid`, `parentid`, `name`, `sortorder`, `title`, `datatype`, `handler`, `lookuphandler`, `lookupkey`, `lookupvalue`, `vardatatype`, `lovname`) VALUES ('rptis.landtax.actions.AddFireCode.year', 'rptis.landtax.actions.AddFireCode', 'year', '2', 'Year', NULL, 'var', NULL, NULL, NULL, 'integer', NULL);
INSERT IGNORE INTO `sys_rule_actiondef_param` (`objid`, `parentid`, `name`, `sortorder`, `title`, `datatype`, `handler`, `lookuphandler`, `lookupkey`, `lookupvalue`, `vardatatype`, `lovname`) VALUES ('rptis.landtax.actions.AddIdleLand.av', 'rptis.landtax.actions.AddIdleLand', 'av', '3', 'AV', NULL, 'expression', NULL, NULL, NULL, NULL, NULL);
INSERT IGNORE INTO `sys_rule_actiondef_param` (`objid`, `parentid`, `name`, `sortorder`, `title`, `datatype`, `handler`, `lookuphandler`, `lookupkey`, `lookupvalue`, `vardatatype`, `lovname`) VALUES ('rptis.landtax.actions.AddIdleLand.avfact', 'rptis.landtax.actions.AddIdleLand', 'avfact', '1', 'AV Info', NULL, 'var', NULL, NULL, NULL, 'rptis.landtax.facts.AssessedValue', NULL);
INSERT IGNORE INTO `sys_rule_actiondef_param` (`objid`, `parentid`, `name`, `sortorder`, `title`, `datatype`, `handler`, `lookuphandler`, `lookupkey`, `lookupvalue`, `vardatatype`, `lovname`) VALUES ('rptis.landtax.actions.AddIdleLand.year', 'rptis.landtax.actions.AddIdleLand', 'year', '2', 'Year', NULL, 'var', NULL, NULL, NULL, NULL, NULL);
INSERT IGNORE INTO `sys_rule_actiondef_param` (`objid`, `parentid`, `name`, `sortorder`, `title`, `datatype`, `handler`, `lookuphandler`, `lookupkey`, `lookupvalue`, `vardatatype`, `lovname`) VALUES ('rptis.landtax.actions.AddSef.av', 'rptis.landtax.actions.AddSef', 'av', '3', 'AV', NULL, 'expression', NULL, NULL, NULL, NULL, NULL);
INSERT IGNORE INTO `sys_rule_actiondef_param` (`objid`, `parentid`, `name`, `sortorder`, `title`, `datatype`, `handler`, `lookuphandler`, `lookupkey`, `lookupvalue`, `vardatatype`, `lovname`) VALUES ('rptis.landtax.actions.AddSef.avfact', 'rptis.landtax.actions.AddSef', 'avfact', '1', 'AV Info', NULL, 'var', NULL, NULL, NULL, 'rptis.landtax.facts.AssessedValue', NULL);
INSERT IGNORE INTO `sys_rule_actiondef_param` (`objid`, `parentid`, `name`, `sortorder`, `title`, `datatype`, `handler`, `lookuphandler`, `lookupkey`, `lookupvalue`, `vardatatype`, `lovname`) VALUES ('rptis.landtax.actions.AddSef.year', 'rptis.landtax.actions.AddSef', 'year', '2', 'Year', NULL, 'var', NULL, NULL, NULL, 'integer', NULL);
INSERT IGNORE INTO `sys_rule_actiondef_param` (`objid`, `parentid`, `name`, `sortorder`, `title`, `datatype`, `handler`, `lookuphandler`, `lookupkey`, `lookupvalue`, `vardatatype`, `lovname`) VALUES ('rptis.landtax.actions.AddShare.amtdue', 'rptis.landtax.actions.AddShare', 'amtdue', '5', 'Amount Due', NULL, 'expression', NULL, NULL, NULL, NULL, NULL);
INSERT IGNORE INTO `sys_rule_actiondef_param` (`objid`, `parentid`, `name`, `sortorder`, `title`, `datatype`, `handler`, `lookuphandler`, `lookupkey`, `lookupvalue`, `vardatatype`, `lovname`) VALUES ('rptis.landtax.actions.AddShare.billitem', 'rptis.landtax.actions.AddShare', 'billitem', '1', 'Bill Item', NULL, 'var', NULL, NULL, NULL, 'rptis.landtax.facts.RPTBillItem', NULL);
INSERT IGNORE INTO `sys_rule_actiondef_param` (`objid`, `parentid`, `name`, `sortorder`, `title`, `datatype`, `handler`, `lookuphandler`, `lookupkey`, `lookupvalue`, `vardatatype`, `lovname`) VALUES ('rptis.landtax.actions.AddShare.orgclass', 'rptis.landtax.actions.AddShare', 'orgclass', '2', 'Share Type', NULL, 'lov', NULL, NULL, NULL, NULL, 'RPT_BILLING_LGU_TYPES');
INSERT IGNORE INTO `sys_rule_actiondef_param` (`objid`, `parentid`, `name`, `sortorder`, `title`, `datatype`, `handler`, `lookuphandler`, `lookupkey`, `lookupvalue`, `vardatatype`, `lovname`) VALUES ('rptis.landtax.actions.AddShare.orgid', 'rptis.landtax.actions.AddShare', 'orgid', '3', 'Org', NULL, 'var', 'org:lookup', 'objid', 'name', 'String', NULL);
INSERT IGNORE INTO `sys_rule_actiondef_param` (`objid`, `parentid`, `name`, `sortorder`, `title`, `datatype`, `handler`, `lookuphandler`, `lookupkey`, `lookupvalue`, `vardatatype`, `lovname`) VALUES ('rptis.landtax.actions.AddShare.payableparentacct', 'rptis.landtax.actions.AddShare', 'payableparentacct', '4', 'Payable Account', NULL, 'lookup', 'revenueitem:lookup', 'objid', 'title', NULL, NULL);
INSERT IGNORE INTO `sys_rule_actiondef_param` (`objid`, `parentid`, `name`, `sortorder`, `title`, `datatype`, `handler`, `lookuphandler`, `lookupkey`, `lookupvalue`, `vardatatype`, `lovname`) VALUES ('rptis.landtax.actions.AddShare.rate', 'rptis.landtax.actions.AddShare', 'rate', '6', 'Share (decimal)', NULL, 'expression', NULL, NULL, NULL, NULL, NULL);
INSERT IGNORE INTO `sys_rule_actiondef_param` (`objid`, `parentid`, `name`, `sortorder`, `title`, `datatype`, `handler`, `lookuphandler`, `lookupkey`, `lookupvalue`, `vardatatype`, `lovname`) VALUES ('rptis.landtax.actions.AddSocialHousing.av', 'rptis.landtax.actions.AddSocialHousing', 'av', '3', 'AV', NULL, 'expression', NULL, NULL, NULL, NULL, NULL);
INSERT IGNORE INTO `sys_rule_actiondef_param` (`objid`, `parentid`, `name`, `sortorder`, `title`, `datatype`, `handler`, `lookuphandler`, `lookupkey`, `lookupvalue`, `vardatatype`, `lovname`) VALUES ('rptis.landtax.actions.AddSocialHousing.avfact', 'rptis.landtax.actions.AddSocialHousing', 'avfact', '1', 'AV Info', NULL, 'var', NULL, NULL, NULL, 'rptis.landtax.facts.AssessedValue', NULL);
INSERT IGNORE INTO `sys_rule_actiondef_param` (`objid`, `parentid`, `name`, `sortorder`, `title`, `datatype`, `handler`, `lookuphandler`, `lookupkey`, `lookupvalue`, `vardatatype`, `lovname`) VALUES ('rptis.landtax.actions.AddSocialHousing.year', 'rptis.landtax.actions.AddSocialHousing', 'year', '2', 'Year', NULL, 'var', NULL, NULL, NULL, NULL, NULL);
INSERT IGNORE INTO `sys_rule_actiondef_param` (`objid`, `parentid`, `name`, `sortorder`, `title`, `datatype`, `handler`, `lookuphandler`, `lookupkey`, `lookupvalue`, `vardatatype`, `lovname`) VALUES ('rptis.landtax.actions.AggregateLedgerItem.rptledge', 'rptis.landtax.actions.AggregateLedgerItem', 'rptledgeritem', '1', 'Ledger Item', NULL, 'var', NULL, NULL, NULL, 'rptis.landtax.facts.RPTLedgerItemFact', NULL);
INSERT IGNORE INTO `sys_rule_actiondef_param` (`objid`, `parentid`, `name`, `sortorder`, `title`, `datatype`, `handler`, `lookuphandler`, `lookupkey`, `lookupvalue`, `vardatatype`, `lovname`) VALUES ('rptis.landtax.actions.CalcDiscount.expr', 'rptis.landtax.actions.CalcDiscount', 'expr', '2', 'Computation', NULL, 'expression', NULL, NULL, NULL, NULL, NULL);
INSERT IGNORE INTO `sys_rule_actiondef_param` (`objid`, `parentid`, `name`, `sortorder`, `title`, `datatype`, `handler`, `lookuphandler`, `lookupkey`, `lookupvalue`, `vardatatype`, `lovname`) VALUES ('rptis.landtax.actions.CalcDiscount.rptledgeritem', 'rptis.landtax.actions.CalcDiscount', 'rptledgeritem', '1', 'Ledger Item', NULL, 'var', NULL, NULL, NULL, 'rptis.landtax.facts.RPTLedgerItemFact', NULL);
INSERT IGNORE INTO `sys_rule_actiondef_param` (`objid`, `parentid`, `name`, `sortorder`, `title`, `datatype`, `handler`, `lookuphandler`, `lookupkey`, `lookupvalue`, `vardatatype`, `lovname`) VALUES ('rptis.landtax.actions.CalcInterest.expr', 'rptis.landtax.actions.CalcInterest', 'expr', '2', 'Computation', NULL, 'expression', NULL, NULL, NULL, NULL, NULL);
INSERT IGNORE INTO `sys_rule_actiondef_param` (`objid`, `parentid`, `name`, `sortorder`, `title`, `datatype`, `handler`, `lookuphandler`, `lookupkey`, `lookupvalue`, `vardatatype`, `lovname`) VALUES ('rptis.landtax.actions.CalcInterest.rptledgeritem', 'rptis.landtax.actions.CalcInterest', 'rptledgeritem', '1', 'Ledger Item', NULL, 'var', NULL, NULL, NULL, 'rptis.landtax.facts.RPTLedgerItemFact', NULL);
INSERT IGNORE INTO `sys_rule_actiondef_param` (`objid`, `parentid`, `name`, `sortorder`, `title`, `datatype`, `handler`, `lookuphandler`, `lookupkey`, `lookupvalue`, `vardatatype`, `lovname`) VALUES ('rptis.landtax.actions.CalcTax.expr', 'rptis.landtax.actions.CalcTax', 'expr', '2', 'Computation', NULL, 'expression', NULL, NULL, NULL, NULL, NULL);
INSERT IGNORE INTO `sys_rule_actiondef_param` (`objid`, `parentid`, `name`, `sortorder`, `title`, `datatype`, `handler`, `lookuphandler`, `lookupkey`, `lookupvalue`, `vardatatype`, `lovname`) VALUES ('rptis.landtax.actions.CalcTax.rptledgeritem', 'rptis.landtax.actions.CalcTax', 'rptledgeritem', '1', 'Ledger Item', NULL, 'var', NULL, NULL, NULL, 'rptis.landtax.facts.RPTLedgerItemFact', NULL);
INSERT IGNORE INTO `sys_rule_actiondef_param` (`objid`, `parentid`, `name`, `sortorder`, `title`, `datatype`, `handler`, `lookuphandler`, `lookupkey`, `lookupvalue`, `vardatatype`, `lovname`) VALUES ('rptis.landtax.actions.CreateTaxSummary.revperiod', 'rptis.landtax.actions.CreateTaxSummary', 'revperiod', '2', 'Revenue Period', NULL, 'lov', NULL, NULL, NULL, NULL, 'RPT_REVENUE_PERIODS');
INSERT IGNORE INTO `sys_rule_actiondef_param` (`objid`, `parentid`, `name`, `sortorder`, `title`, `datatype`, `handler`, `lookuphandler`, `lookupkey`, `lookupvalue`, `vardatatype`, `lovname`) VALUES ('rptis.landtax.actions.CreateTaxSummary.rptledgerit', 'rptis.landtax.actions.CreateTaxSummary', 'rptledgeritem', '1', 'RPT Ledger Item', '', 'var', '', '', '', 'rptis.landtax.facts.RPTLedgerItemFact', '');
INSERT IGNORE INTO `sys_rule_actiondef_param` (`objid`, `parentid`, `name`, `sortorder`, `title`, `datatype`, `handler`, `lookuphandler`, `lookupkey`, `lookupvalue`, `vardatatype`, `lovname`) VALUES ('rptis.landtax.actions.CreateTaxSummary.var', 'rptis.landtax.actions.CreateTaxSummary', 'var', '3', 'Variable Name', NULL, 'lookup', 'rptparameter:lookup', 'name', 'name', NULL, '');
INSERT IGNORE INTO `sys_rule_actiondef_param` (`objid`, `parentid`, `name`, `sortorder`, `title`, `datatype`, `handler`, `lookuphandler`, `lookupkey`, `lookupvalue`, `vardatatype`, `lovname`) VALUES ('rptis.landtax.actions.RemoveLedgerItem.rptledgerit', 'rptis.landtax.actions.RemoveLedgerItem', 'rptledgeritem', '1', 'Ledger Item', NULL, 'var', NULL, NULL, NULL, 'rptis.landtax.facts.RPTLedgerItemFact', NULL);
INSERT IGNORE INTO `sys_rule_actiondef_param` (`objid`, `parentid`, `name`, `sortorder`, `title`, `datatype`, `handler`, `lookuphandler`, `lookupkey`, `lookupvalue`, `vardatatype`, `lovname`) VALUES ('rptis.landtax.actions.SetBillExpiryDate.bill', 'rptis.landtax.actions.SetBillExpiryDate', 'bill', '1', 'Bill', NULL, 'var', NULL, NULL, NULL, 'rptis.landtax.facts.Bill', NULL);
INSERT IGNORE INTO `sys_rule_actiondef_param` (`objid`, `parentid`, `name`, `sortorder`, `title`, `datatype`, `handler`, `lookuphandler`, `lookupkey`, `lookupvalue`, `vardatatype`, `lovname`) VALUES ('rptis.landtax.actions.SetBillExpiryDate.expr', 'rptis.landtax.actions.SetBillExpiryDate', 'expr', '2', 'Expiry Date', NULL, 'expression', NULL, NULL, NULL, NULL, NULL);
INSERT IGNORE INTO `sys_rule_actiondef_param` (`objid`, `parentid`, `name`, `sortorder`, `title`, `datatype`, `handler`, `lookuphandler`, `lookupkey`, `lookupvalue`, `vardatatype`, `lovname`) VALUES ('rptis.landtax.actions.SplitByQtr.rptledgeritem', 'rptis.landtax.actions.SplitByQtr', 'rptledgeritem', '1', 'Ledger Item', NULL, 'var', NULL, NULL, NULL, 'rptis.landtax.facts.RPTLedgerItemFact', NULL);
INSERT IGNORE INTO `sys_rule_actiondef_param` (`objid`, `parentid`, `name`, `sortorder`, `title`, `datatype`, `handler`, `lookuphandler`, `lookupkey`, `lookupvalue`, `vardatatype`, `lovname`) VALUES ('rptis.landtax.actions.SplitLedgerItem.rptledgerite', 'rptis.landtax.actions.SplitLedgerItem', 'rptledgeritem', '1', 'Ledger Item', NULL, 'var', NULL, NULL, NULL, 'rptis.landtax.facts.RPTLedgerItemFact', NULL);
INSERT IGNORE INTO `sys_rule_actiondef_param` (`objid`, `parentid`, `name`, `sortorder`, `title`, `datatype`, `handler`, `lookuphandler`, `lookupkey`, `lookupvalue`, `vardatatype`, `lovname`) VALUES ('rptis.landtax.actions.UpdateAV.avfact', 'rptis.landtax.actions.UpdateAV', 'avfact', '1', 'Assessed Value', NULL, 'var', NULL, NULL, NULL, 'rptis.landtax.facts.AssessedValue', NULL);
INSERT IGNORE INTO `sys_rule_actiondef_param` (`objid`, `parentid`, `name`, `sortorder`, `title`, `datatype`, `handler`, `lookuphandler`, `lookupkey`, `lookupvalue`, `vardatatype`, `lovname`) VALUES ('rptis.landtax.actions.UpdateAV.expr', 'rptis.landtax.actions.UpdateAV', 'expr', '2', 'Computation', NULL, 'expression', NULL, NULL, NULL, NULL, NULL);

INSERT IGNORE INTO `sys_rule_action_param` (`objid`, `parentid`, `actiondefparam_objid`, `stringvalue`, `booleanvalue`, `var_objid`, `var_name`, `expr`, `exprtype`, `pos`, `obj_key`, `obj_value`, `listvalue`, `lov`, `rangeoption`) VALUES ('RAP-17442746:16be936f033:-7e80', 'RA-17442746:16be936f033:-7e82', 'rptis.landtax.actions.CalcTax.rptledgeritem', NULL, NULL, 'RC-17442746:16be936f033:-7e86', 'RLI', NULL, NULL, NULL, NULL, NULL, NULL, NULL, NULL);
INSERT IGNORE INTO `sys_rule_action_param` (`objid`, `parentid`, `actiondefparam_objid`, `stringvalue`, `booleanvalue`, `var_objid`, `var_name`, `expr`, `exprtype`, `pos`, `obj_key`, `obj_value`, `listvalue`, `lov`, `rangeoption`) VALUES ('RAP-17442746:16be936f033:-7e81', 'RA-17442746:16be936f033:-7e82', 'rptis.landtax.actions.CalcTax.expr', NULL, NULL, NULL, NULL, 'AV * 0.01', 'expression', NULL, NULL, NULL, NULL, NULL, NULL);
INSERT IGNORE INTO `sys_rule_action_param` (`objid`, `parentid`, `actiondefparam_objid`, `stringvalue`, `booleanvalue`, `var_objid`, `var_name`, `expr`, `exprtype`, `pos`, `obj_key`, `obj_value`, `listvalue`, `lov`, `rangeoption`) VALUES ('RAP-43a97d40:17b4cb60c0d:-7e8b', 'RA-43a97d40:17b4cb60c0d:-7e8c', 'rptis.landtax.actions.AggregateLedgerItem.rptledge', NULL, NULL, 'RC-43a97d40:17b4cb60c0d:-7e91', 'RLI', NULL, NULL, NULL, NULL, NULL, NULL, NULL, NULL);
INSERT IGNORE INTO `sys_rule_action_param` (`objid`, `parentid`, `actiondefparam_objid`, `stringvalue`, `booleanvalue`, `var_objid`, `var_name`, `expr`, `exprtype`, `pos`, `obj_key`, `obj_value`, `listvalue`, `lov`, `rangeoption`) VALUES ('RAP-43a97d40:17b4cb60c0d:-7ec0', 'RA-43a97d40:17b4cb60c0d:-7ec1', 'rptis.landtax.actions.SplitByQtr.rptledgeritem', NULL, NULL, 'RC-43a97d40:17b4cb60c0d:-7ec3', 'RLI', NULL, NULL, NULL, NULL, NULL, NULL, NULL, NULL);
INSERT IGNORE INTO `sys_rule_action_param` (`objid`, `parentid`, `actiondefparam_objid`, `stringvalue`, `booleanvalue`, `var_objid`, `var_name`, `expr`, `exprtype`, `pos`, `obj_key`, `obj_value`, `listvalue`, `lov`, `rangeoption`) VALUES ('RAP-43a97d40:17b4cb60c0d:-7f95', 'RA-43a97d40:17b4cb60c0d:-7f97', 'rptis.landtax.actions.CalcDiscount.rptledgeritem', NULL, NULL, 'RC-43a97d40:17b4cb60c0d:-7f9e', 'RLI', NULL, NULL, NULL, NULL, NULL, NULL, NULL, NULL);
INSERT IGNORE INTO `sys_rule_action_param` (`objid`, `parentid`, `actiondefparam_objid`, `stringvalue`, `booleanvalue`, `var_objid`, `var_name`, `expr`, `exprtype`, `pos`, `obj_key`, `obj_value`, `listvalue`, `lov`, `rangeoption`) VALUES ('RAP-43a97d40:17b4cb60c0d:-7f96', 'RA-43a97d40:17b4cb60c0d:-7f97', 'rptis.landtax.actions.CalcDiscount.expr', NULL, NULL, NULL, NULL, 'TAX * 0.10', 'expression', NULL, NULL, NULL, NULL, NULL, NULL);
INSERT IGNORE INTO `sys_rule_action_param` (`objid`, `parentid`, `actiondefparam_objid`, `stringvalue`, `booleanvalue`, `var_objid`, `var_name`, `expr`, `exprtype`, `pos`, `obj_key`, `obj_value`, `listvalue`, `lov`, `rangeoption`) VALUES ('RAP-43a97d40:17b4cb60c0d:-7fb7', 'RA-43a97d40:17b4cb60c0d:-7fb9', 'rptis.landtax.actions.CalcInterest.rptledgeritem', NULL, NULL, 'RC-43a97d40:17b4cb60c0d:-7fbf', 'RLI', NULL, NULL, NULL, NULL, NULL, NULL, NULL, NULL);
INSERT IGNORE INTO `sys_rule_action_param` (`objid`, `parentid`, `actiondefparam_objid`, `stringvalue`, `booleanvalue`, `var_objid`, `var_name`, `expr`, `exprtype`, `pos`, `obj_key`, `obj_value`, `listvalue`, `lov`, `rangeoption`) VALUES ('RAP-43a97d40:17b4cb60c0d:-7fb8', 'RA-43a97d40:17b4cb60c0d:-7fb9', 'rptis.landtax.actions.CalcInterest.expr', NULL, NULL, NULL, NULL, '@IIF(  NMON * 0.02 > 0.72,  TAX * 0.72 , NMON * 0.02 * TAX  )', 'expression', NULL, NULL, NULL, NULL, NULL, NULL);
INSERT IGNORE INTO `sys_rule_action_param` (`objid`, `parentid`, `actiondefparam_objid`, `stringvalue`, `booleanvalue`, `var_objid`, `var_name`, `expr`, `exprtype`, `pos`, `obj_key`, `obj_value`, `listvalue`, `lov`, `rangeoption`) VALUES ('RAP-43a97d40:17b4cb60c0d:-7fc3', 'RA-43a97d40:17b4cb60c0d:-7fc5', 'rptis.landtax.actions.CalcInterest.expr', NULL, NULL, NULL, NULL, 'TAX * 0.24', 'expression', NULL, NULL, NULL, NULL, NULL, NULL);
INSERT IGNORE INTO `sys_rule_action_param` (`objid`, `parentid`, `actiondefparam_objid`, `stringvalue`, `booleanvalue`, `var_objid`, `var_name`, `expr`, `exprtype`, `pos`, `obj_key`, `obj_value`, `listvalue`, `lov`, `rangeoption`) VALUES ('RAP-43a97d40:17b4cb60c0d:-7fc4', 'RA-43a97d40:17b4cb60c0d:-7fc5', 'rptis.landtax.actions.CalcInterest.rptledgeritem', NULL, NULL, 'RC-43a97d40:17b4cb60c0d:-7fc8', 'RLI', NULL, NULL, NULL, NULL, NULL, NULL, NULL, NULL);
INSERT IGNORE INTO `sys_rule_action_param` (`objid`, `parentid`, `actiondefparam_objid`, `stringvalue`, `booleanvalue`, `var_objid`, `var_name`, `expr`, `exprtype`, `pos`, `obj_key`, `obj_value`, `listvalue`, `lov`, `rangeoption`) VALUES ('RAP-43a97d40:17b4cb60c0d:-7fce', 'RA-43a97d40:17b4cb60c0d:-7fd0', 'rptis.landtax.actions.CalcInterest.rptledgeritem', NULL, NULL, 'RC-43a97d40:17b4cb60c0d:-7fd6', 'RLI', NULL, NULL, NULL, NULL, NULL, NULL, NULL, NULL);
INSERT IGNORE INTO `sys_rule_action_param` (`objid`, `parentid`, `actiondefparam_objid`, `stringvalue`, `booleanvalue`, `var_objid`, `var_name`, `expr`, `exprtype`, `pos`, `obj_key`, `obj_value`, `listvalue`, `lov`, `rangeoption`) VALUES ('RAP-43a97d40:17b4cb60c0d:-7fcf', 'RA-43a97d40:17b4cb60c0d:-7fd0', 'rptis.landtax.actions.CalcInterest.expr', NULL, NULL, NULL, NULL, 'TAX * 0.12', 'expression', NULL, NULL, NULL, NULL, NULL, NULL);
INSERT IGNORE INTO `sys_rule_action_param` (`objid`, `parentid`, `actiondefparam_objid`, `stringvalue`, `booleanvalue`, `var_objid`, `var_name`, `expr`, `exprtype`, `pos`, `obj_key`, `obj_value`, `listvalue`, `lov`, `rangeoption`) VALUES ('RAP-521c9281:18478d47600:-7f8f', 'RA-521c9281:18478d47600:-7f91', 'rptis.landtax.actions.CalcInterest.expr', NULL, NULL, NULL, NULL, 'TAX * NMON * 0.02', 'expression', NULL, NULL, NULL, NULL, NULL, NULL);
INSERT IGNORE INTO `sys_rule_action_param` (`objid`, `parentid`, `actiondefparam_objid`, `stringvalue`, `booleanvalue`, `var_objid`, `var_name`, `expr`, `exprtype`, `pos`, `obj_key`, `obj_value`, `listvalue`, `lov`, `rangeoption`) VALUES ('RAP-521c9281:18478d47600:-7f90', 'RA-521c9281:18478d47600:-7f91', 'rptis.landtax.actions.CalcInterest.rptledgeritem', NULL, NULL, 'RC-521c9281:18478d47600:-7f95', 'RLI', NULL, NULL, NULL, NULL, NULL, NULL, NULL, NULL);
INSERT IGNORE INTO `sys_rule_action_param` (`objid`, `parentid`, `actiondefparam_objid`, `stringvalue`, `booleanvalue`, `var_objid`, `var_name`, `expr`, `exprtype`, `pos`, `obj_key`, `obj_value`, `listvalue`, `lov`, `rangeoption`) VALUES ('RAP440e47f4:166ae4152f1:-7fba', 'RA440e47f4:166ae4152f1:-7fbc', 'rptis.landtax.actions.CreateTaxSummary.rptledgerit', NULL, NULL, 'RC440e47f4:166ae4152f1:-7fc0', 'RLI', NULL, NULL, NULL, NULL, NULL, NULL, NULL, NULL);
INSERT IGNORE INTO `sys_rule_action_param` (`objid`, `parentid`, `actiondefparam_objid`, `stringvalue`, `booleanvalue`, `var_objid`, `var_name`, `expr`, `exprtype`, `pos`, `obj_key`, `obj_value`, `listvalue`, `lov`, `rangeoption`) VALUES ('RAP440e47f4:166ae4152f1:-7fbb', 'RA440e47f4:166ae4152f1:-7fbc', 'rptis.landtax.actions.CreateTaxSummary.revperiod', NULL, NULL, NULL, NULL, NULL, NULL, NULL, NULL, NULL, NULL, 'previous', NULL);
INSERT IGNORE INTO `sys_rule_action_param` (`objid`, `parentid`, `actiondefparam_objid`, `stringvalue`, `booleanvalue`, `var_objid`, `var_name`, `expr`, `exprtype`, `pos`, `obj_key`, `obj_value`, `listvalue`, `lov`, `rangeoption`) VALUES ('RAP7280357:166235c1be7:-7fa9', 'RA7280357:166235c1be7:-7fab', 'rptis.landtax.actions.CreateTaxSummary.rptledgerit', NULL, NULL, 'RC7280357:166235c1be7:-7faf', 'RLI', NULL, NULL, NULL, NULL, NULL, NULL, NULL, NULL);
INSERT IGNORE INTO `sys_rule_action_param` (`objid`, `parentid`, `actiondefparam_objid`, `stringvalue`, `booleanvalue`, `var_objid`, `var_name`, `expr`, `exprtype`, `pos`, `obj_key`, `obj_value`, `listvalue`, `lov`, `rangeoption`) VALUES ('RAP7280357:166235c1be7:-7faa', 'RA7280357:166235c1be7:-7fab', 'rptis.landtax.actions.CreateTaxSummary.revperiod', NULL, NULL, NULL, NULL, NULL, NULL, NULL, NULL, NULL, NULL, 'advance', NULL);
INSERT IGNORE INTO `sys_rule_action_param` (`objid`, `parentid`, `actiondefparam_objid`, `stringvalue`, `booleanvalue`, `var_objid`, `var_name`, `expr`, `exprtype`, `pos`, `obj_key`, `obj_value`, `listvalue`, `lov`, `rangeoption`) VALUES ('RAP7280357:166235c1be7:-7fb0', 'RA7280357:166235c1be7:-7fb2', 'rptis.landtax.actions.CreateTaxSummary.rptledgerit', NULL, NULL, 'RC7280357:166235c1be7:-7fb6', 'RLI', NULL, NULL, NULL, NULL, NULL, NULL, NULL, NULL);
INSERT IGNORE INTO `sys_rule_action_param` (`objid`, `parentid`, `actiondefparam_objid`, `stringvalue`, `booleanvalue`, `var_objid`, `var_name`, `expr`, `exprtype`, `pos`, `obj_key`, `obj_value`, `listvalue`, `lov`, `rangeoption`) VALUES ('RAP7280357:166235c1be7:-7fb1', 'RA7280357:166235c1be7:-7fb2', 'rptis.landtax.actions.CreateTaxSummary.revperiod', NULL, NULL, NULL, NULL, NULL, NULL, NULL, NULL, NULL, NULL, 'current', NULL);
INSERT IGNORE INTO `sys_rule_action_param` (`objid`, `parentid`, `actiondefparam_objid`, `stringvalue`, `booleanvalue`, `var_objid`, `var_name`, `expr`, `exprtype`, `pos`, `obj_key`, `obj_value`, `listvalue`, `lov`, `rangeoption`) VALUES ('RAP7280357:166235c1be7:-7fb7', 'RA7280357:166235c1be7:-7fb9', 'rptis.landtax.actions.SetBillExpiryDate.bill', NULL, NULL, 'RC7280357:166235c1be7:-7fc0', 'BILL', NULL, NULL, NULL, NULL, NULL, NULL, NULL, NULL);
INSERT IGNORE INTO `sys_rule_action_param` (`objid`, `parentid`, `actiondefparam_objid`, `stringvalue`, `booleanvalue`, `var_objid`, `var_name`, `expr`, `exprtype`, `pos`, `obj_key`, `obj_value`, `listvalue`, `lov`, `rangeoption`) VALUES ('RAP7280357:166235c1be7:-7fb8', 'RA7280357:166235c1be7:-7fb9', 'rptis.landtax.actions.SetBillExpiryDate.expr', NULL, NULL, NULL, NULL, '@MONTHEND(@DATE(CY, 12, 1));', 'expression', NULL, NULL, NULL, NULL, NULL, NULL);
INSERT IGNORE INTO `sys_rule_action_param` (`objid`, `parentid`, `actiondefparam_objid`, `stringvalue`, `booleanvalue`, `var_objid`, `var_name`, `expr`, `exprtype`, `pos`, `obj_key`, `obj_value`, `listvalue`, `lov`, `rangeoption`) VALUES ('RAP7b0d8ac2:17b97cca47c:-77a9', 'RA7b0d8ac2:17b97cca47c:-77ab', 'rptis.landtax.actions.CalcDiscount.rptledgeritem', NULL, NULL, 'RC7b0d8ac2:17b97cca47c:-77b5', 'RLI', NULL, NULL, NULL, NULL, NULL, NULL, NULL, NULL);
INSERT IGNORE INTO `sys_rule_action_param` (`objid`, `parentid`, `actiondefparam_objid`, `stringvalue`, `booleanvalue`, `var_objid`, `var_name`, `expr`, `exprtype`, `pos`, `obj_key`, `obj_value`, `listvalue`, `lov`, `rangeoption`) VALUES ('RAP7b0d8ac2:17b97cca47c:-77aa', 'RA7b0d8ac2:17b97cca47c:-77ab', 'rptis.landtax.actions.CalcDiscount.expr', NULL, NULL, NULL, NULL, 'TAX * 0.20', 'expression', NULL, NULL, NULL, NULL, NULL, NULL);
INSERT IGNORE INTO `sys_rule_action_param` (`objid`, `parentid`, `actiondefparam_objid`, `stringvalue`, `booleanvalue`, `var_objid`, `var_name`, `expr`, `exprtype`, `pos`, `obj_key`, `obj_value`, `listvalue`, `lov`, `rangeoption`) VALUES ('RAP7b0d8ac2:17b97cca47c:-77ac', 'RA7b0d8ac2:17b97cca47c:-77ae', 'rptis.landtax.actions.CalcInterest.rptledgeritem', NULL, NULL, 'RC7b0d8ac2:17b97cca47c:-77b5', 'RLI', NULL, NULL, NULL, NULL, NULL, NULL, NULL, NULL);
INSERT IGNORE INTO `sys_rule_action_param` (`objid`, `parentid`, `actiondefparam_objid`, `stringvalue`, `booleanvalue`, `var_objid`, `var_name`, `expr`, `exprtype`, `pos`, `obj_key`, `obj_value`, `listvalue`, `lov`, `rangeoption`) VALUES ('RAP7b0d8ac2:17b97cca47c:-77ad', 'RA7b0d8ac2:17b97cca47c:-77ae', 'rptis.landtax.actions.CalcInterest.expr', NULL, NULL, NULL, NULL, '0', 'expression', NULL, NULL, NULL, NULL, NULL, NULL);
INSERT IGNORE INTO `sys_rule_action_param` (`objid`, `parentid`, `actiondefparam_objid`, `stringvalue`, `booleanvalue`, `var_objid`, `var_name`, `expr`, `exprtype`, `pos`, `obj_key`, `obj_value`, `listvalue`, `lov`, `rangeoption`) VALUES ('RULACT-1a2d6e9b:1692d429304:-7607', 'RACT-1a2d6e9b:1692d429304:-7649', 'rptis.landtax.actions.AddSef.av', NULL, NULL, NULL, NULL, 'AV', 'expression', NULL, NULL, NULL, NULL, NULL, NULL);
INSERT IGNORE INTO `sys_rule_action_param` (`objid`, `parentid`, `actiondefparam_objid`, `stringvalue`, `booleanvalue`, `var_objid`, `var_name`, `expr`, `exprtype`, `pos`, `obj_key`, `obj_value`, `listvalue`, `lov`, `rangeoption`) VALUES ('RULACT-1a2d6e9b:1692d429304:-7622', 'RACT-1a2d6e9b:1692d429304:-7649', 'rptis.landtax.actions.AddSef.year', NULL, NULL, 'RCONST-1a2d6e9b:1692d429304:-7747', 'YR', NULL, NULL, NULL, NULL, NULL, NULL, NULL, NULL);
INSERT IGNORE INTO `sys_rule_action_param` (`objid`, `parentid`, `actiondefparam_objid`, `stringvalue`, `booleanvalue`, `var_objid`, `var_name`, `expr`, `exprtype`, `pos`, `obj_key`, `obj_value`, `listvalue`, `lov`, `rangeoption`) VALUES ('RULACT-1a2d6e9b:1692d429304:-7639', 'RACT-1a2d6e9b:1692d429304:-7649', 'rptis.landtax.actions.AddSef.avfact', NULL, NULL, 'RCOND-1a2d6e9b:1692d429304:-7748', 'AVINFO', NULL, NULL, NULL, NULL, NULL, NULL, NULL, NULL);
INSERT IGNORE INTO `sys_rule_action_param` (`objid`, `parentid`, `actiondefparam_objid`, `stringvalue`, `booleanvalue`, `var_objid`, `var_name`, `expr`, `exprtype`, `pos`, `obj_key`, `obj_value`, `listvalue`, `lov`, `rangeoption`) VALUES ('RULACT-1a2d6e9b:1692d429304:-76bc', 'RACT-1a2d6e9b:1692d429304:-7700', 'rptis.landtax.actions.AddBasic.av', NULL, NULL, NULL, NULL, 'AV', 'expression', NULL, NULL, NULL, NULL, NULL, NULL);
INSERT IGNORE INTO `sys_rule_action_param` (`objid`, `parentid`, `actiondefparam_objid`, `stringvalue`, `booleanvalue`, `var_objid`, `var_name`, `expr`, `exprtype`, `pos`, `obj_key`, `obj_value`, `listvalue`, `lov`, `rangeoption`) VALUES ('RULACT-1a2d6e9b:1692d429304:-76d7', 'RACT-1a2d6e9b:1692d429304:-7700', 'rptis.landtax.actions.AddBasic.year', NULL, NULL, 'RCONST-1a2d6e9b:1692d429304:-7747', 'YR', NULL, NULL, NULL, NULL, NULL, NULL, NULL, NULL);
INSERT IGNORE INTO `sys_rule_action_param` (`objid`, `parentid`, `actiondefparam_objid`, `stringvalue`, `booleanvalue`, `var_objid`, `var_name`, `expr`, `exprtype`, `pos`, `obj_key`, `obj_value`, `listvalue`, `lov`, `rangeoption`) VALUES ('RULACT-1a2d6e9b:1692d429304:-76ef', 'RACT-1a2d6e9b:1692d429304:-7700', 'rptis.landtax.actions.AddBasic.avfact', NULL, NULL, 'RCOND-1a2d6e9b:1692d429304:-7748', 'AVINFO', NULL, NULL, NULL, NULL, NULL, NULL, NULL, NULL);
INSERT IGNORE INTO `sys_rule_action_param` (`objid`, `parentid`, `actiondefparam_objid`, `stringvalue`, `booleanvalue`, `var_objid`, `var_name`, `expr`, `exprtype`, `pos`, `obj_key`, `obj_value`, `listvalue`, `lov`, `rangeoption`) VALUES ('RULACT-2ede6703:16642adb9ce:-7926', 'RACT-2ede6703:16642adb9ce:-794c', 'rptis.landtax.actions.SetBillExpiryDate.expr', NULL, NULL, NULL, NULL, '@MONTHEND( BILLDATE )', 'expression', NULL, NULL, NULL, NULL, NULL, NULL);
INSERT IGNORE INTO `sys_rule_action_param` (`objid`, `parentid`, `actiondefparam_objid`, `stringvalue`, `booleanvalue`, `var_objid`, `var_name`, `expr`, `exprtype`, `pos`, `obj_key`, `obj_value`, `listvalue`, `lov`, `rangeoption`) VALUES ('RULACT-2ede6703:16642adb9ce:-793c', 'RACT-2ede6703:16642adb9ce:-794c', 'rptis.landtax.actions.SetBillExpiryDate.bill', NULL, NULL, 'RCOND-2ede6703:16642adb9ce:-7a39', 'BILL', NULL, NULL, NULL, NULL, NULL, NULL, NULL, NULL);
INSERT IGNORE INTO `sys_rule_action_param` (`objid`, `parentid`, `actiondefparam_objid`, `stringvalue`, `booleanvalue`, `var_objid`, `var_name`, `expr`, `exprtype`, `pos`, `obj_key`, `obj_value`, `listvalue`, `lov`, `rangeoption`) VALUES ('RULACT-44dc6a75:17b9a0317a2:-70b6', 'RACT-44dc6a75:17b9a0317a2:-70dc', 'rptis.landtax.actions.CalcInterest.expr', NULL, NULL, NULL, NULL, '0', 'expression', NULL, NULL, NULL, NULL, NULL, NULL);
INSERT IGNORE INTO `sys_rule_action_param` (`objid`, `parentid`, `actiondefparam_objid`, `stringvalue`, `booleanvalue`, `var_objid`, `var_name`, `expr`, `exprtype`, `pos`, `obj_key`, `obj_value`, `listvalue`, `lov`, `rangeoption`) VALUES ('RULACT-44dc6a75:17b9a0317a2:-70cc', 'RACT-44dc6a75:17b9a0317a2:-70dc', 'rptis.landtax.actions.CalcInterest.rptledgeritem', NULL, NULL, 'RCOND-44dc6a75:17b9a0317a2:-7414', 'RLI', NULL, NULL, NULL, NULL, NULL, NULL, NULL, NULL);
INSERT IGNORE INTO `sys_rule_action_param` (`objid`, `parentid`, `actiondefparam_objid`, `stringvalue`, `booleanvalue`, `var_objid`, `var_name`, `expr`, `exprtype`, `pos`, `obj_key`, `obj_value`, `listvalue`, `lov`, `rangeoption`) VALUES ('RULACT-44dc6a75:17b9a0317a2:-719c', 'RACT-44dc6a75:17b9a0317a2:-71c2', 'rptis.landtax.actions.CalcDiscount.expr', NULL, NULL, NULL, NULL, 'TAX * 0.20', 'expression', NULL, NULL, NULL, NULL, NULL, NULL);
INSERT IGNORE INTO `sys_rule_action_param` (`objid`, `parentid`, `actiondefparam_objid`, `stringvalue`, `booleanvalue`, `var_objid`, `var_name`, `expr`, `exprtype`, `pos`, `obj_key`, `obj_value`, `listvalue`, `lov`, `rangeoption`) VALUES ('RULACT-44dc6a75:17b9a0317a2:-71b2', 'RACT-44dc6a75:17b9a0317a2:-71c2', 'rptis.landtax.actions.CalcDiscount.rptledgeritem', NULL, NULL, 'RCOND-44dc6a75:17b9a0317a2:-7414', 'RLI', NULL, NULL, NULL, NULL, NULL, NULL, NULL, NULL);
INSERT IGNORE INTO `sys_rule_action_param` (`objid`, `parentid`, `actiondefparam_objid`, `stringvalue`, `booleanvalue`, `var_objid`, `var_name`, `expr`, `exprtype`, `pos`, `obj_key`, `obj_value`, `listvalue`, `lov`, `rangeoption`) VALUES ('RULACT2372be5b:17b4cb61bed:-6c05', 'RACT2372be5b:17b4cb61bed:-6c2b', 'rptis.landtax.actions.CalcDiscount.expr', NULL, NULL, NULL, NULL, 'TAX * 0.20', 'expression', NULL, NULL, NULL, NULL, NULL, NULL);
INSERT IGNORE INTO `sys_rule_action_param` (`objid`, `parentid`, `actiondefparam_objid`, `stringvalue`, `booleanvalue`, `var_objid`, `var_name`, `expr`, `exprtype`, `pos`, `obj_key`, `obj_value`, `listvalue`, `lov`, `rangeoption`) VALUES ('RULACT2372be5b:17b4cb61bed:-6c1b', 'RACT2372be5b:17b4cb61bed:-6c2b', 'rptis.landtax.actions.CalcDiscount.rptledgeritem', NULL, NULL, 'RCOND2372be5b:17b4cb61bed:-6f13', 'RLI', NULL, NULL, NULL, NULL, NULL, NULL, NULL, NULL);
INSERT IGNORE INTO `sys_rule_action_param` (`objid`, `parentid`, `actiondefparam_objid`, `stringvalue`, `booleanvalue`, `var_objid`, `var_name`, `expr`, `exprtype`, `pos`, `obj_key`, `obj_value`, `listvalue`, `lov`, `rangeoption`) VALUES ('RULACT2372be5b:17b4cb61bed:-7099', 'RACT2372be5b:17b4cb61bed:-70bf', 'rptis.landtax.actions.CalcInterest.expr', NULL, NULL, NULL, NULL, '0', 'expression', NULL, NULL, NULL, NULL, NULL, NULL);
INSERT IGNORE INTO `sys_rule_action_param` (`objid`, `parentid`, `actiondefparam_objid`, `stringvalue`, `booleanvalue`, `var_objid`, `var_name`, `expr`, `exprtype`, `pos`, `obj_key`, `obj_value`, `listvalue`, `lov`, `rangeoption`) VALUES ('RULACT2372be5b:17b4cb61bed:-70af', 'RACT2372be5b:17b4cb61bed:-70bf', 'rptis.landtax.actions.CalcInterest.rptledgeritem', NULL, NULL, 'RCOND2372be5b:17b4cb61bed:-71a2', 'RLI', NULL, NULL, NULL, NULL, NULL, NULL, NULL, NULL);
INSERT IGNORE INTO `sys_rule_action_param` (`objid`, `parentid`, `actiondefparam_objid`, `stringvalue`, `booleanvalue`, `var_objid`, `var_name`, `expr`, `exprtype`, `pos`, `obj_key`, `obj_value`, `listvalue`, `lov`, `rangeoption`) VALUES ('RULACT5ffbdc02:166e7b2c367:-6203', 'RACT5ffbdc02:166e7b2c367:-6229', 'rptis.landtax.actions.CalcInterest.expr', NULL, NULL, NULL, NULL, 'TAX * NMON * 0.02', 'expression', NULL, NULL, NULL, NULL, NULL, NULL);
INSERT IGNORE INTO `sys_rule_action_param` (`objid`, `parentid`, `actiondefparam_objid`, `stringvalue`, `booleanvalue`, `var_objid`, `var_name`, `expr`, `exprtype`, `pos`, `obj_key`, `obj_value`, `listvalue`, `lov`, `rangeoption`) VALUES ('RULACT5ffbdc02:166e7b2c367:-6219', 'RACT5ffbdc02:166e7b2c367:-6229', 'rptis.landtax.actions.CalcInterest.rptledgeritem', NULL, NULL, 'RC70978a15:166ae6875d1:-7f22', 'RLI', NULL, NULL, NULL, NULL, NULL, NULL, NULL, NULL);
INSERT IGNORE INTO `sys_rule_action_param` (`objid`, `parentid`, `actiondefparam_objid`, `stringvalue`, `booleanvalue`, `var_objid`, `var_name`, `expr`, `exprtype`, `pos`, `obj_key`, `obj_value`, `listvalue`, `lov`, `rangeoption`) VALUES ('RULACT7c9b26f3:17c2a7f2220:-6ad7', 'RACT7c9b26f3:17c2a7f2220:-6afd', 'rptis.landtax.actions.CalcInterest.expr', NULL, NULL, NULL, NULL, 'TAX * NMON * 0.02', 'expression', NULL, NULL, NULL, NULL, NULL, NULL);
INSERT IGNORE INTO `sys_rule_action_param` (`objid`, `parentid`, `actiondefparam_objid`, `stringvalue`, `booleanvalue`, `var_objid`, `var_name`, `expr`, `exprtype`, `pos`, `obj_key`, `obj_value`, `listvalue`, `lov`, `rangeoption`) VALUES ('RULACT7c9b26f3:17c2a7f2220:-6aed', 'RACT7c9b26f3:17c2a7f2220:-6afd', 'rptis.landtax.actions.CalcInterest.rptledgeritem', NULL, NULL, 'RCOND7c9b26f3:17c2a7f2220:-7239', 'RLI', NULL, NULL, NULL, NULL, NULL, NULL, NULL, NULL);
INSERT IGNORE INTO `sys_rule_action_param` (`objid`, `parentid`, `actiondefparam_objid`, `stringvalue`, `booleanvalue`, `var_objid`, `var_name`, `expr`, `exprtype`, `pos`, `obj_key`, `obj_value`, `listvalue`, `lov`, `rangeoption`) VALUES ('RULACTec9d7ab:166235c2e16:-248e', 'RACTec9d7ab:166235c2e16:-249a', 'rptis.landtax.actions.AddBillItem.taxsummary', NULL, NULL, 'RCONDec9d7ab:166235c2e16:-24fc', 'RLTS', NULL, NULL, NULL, NULL, NULL, NULL, NULL, NULL);
INSERT IGNORE INTO `sys_rule_action_param` (`objid`, `parentid`, `actiondefparam_objid`, `stringvalue`, `booleanvalue`, `var_objid`, `var_name`, `expr`, `exprtype`, `pos`, `obj_key`, `obj_value`, `listvalue`, `lov`, `rangeoption`) VALUES ('RULACTec9d7ab:166235c2e16:-2e08', 'RACTec9d7ab:166235c2e16:-2e2e', 'rptis.landtax.actions.SetBillExpiryDate.expr', NULL, NULL, NULL, NULL, '@MONTHEND( CDATE )', 'expression', NULL, NULL, NULL, NULL, NULL, NULL);
INSERT IGNORE INTO `sys_rule_action_param` (`objid`, `parentid`, `actiondefparam_objid`, `stringvalue`, `booleanvalue`, `var_objid`, `var_name`, `expr`, `exprtype`, `pos`, `obj_key`, `obj_value`, `listvalue`, `lov`, `rangeoption`) VALUES ('RULACTec9d7ab:166235c2e16:-2e1e', 'RACTec9d7ab:166235c2e16:-2e2e', 'rptis.landtax.actions.SetBillExpiryDate.bill', NULL, NULL, 'RCONDec9d7ab:166235c2e16:-2ec7', 'BILL', NULL, NULL, NULL, NULL, NULL, NULL, NULL, NULL);
INSERT IGNORE INTO `sys_rule_action_param` (`objid`, `parentid`, `actiondefparam_objid`, `stringvalue`, `booleanvalue`, `var_objid`, `var_name`, `expr`, `exprtype`, `pos`, `obj_key`, `obj_value`, `listvalue`, `lov`, `rangeoption`) VALUES ('RULACTec9d7ab:166235c2e16:-35a7', 'RACTec9d7ab:166235c2e16:-35b3', 'rptis.landtax.actions.SplitLedgerItem.rptledgerite', NULL, NULL, 'RC7280357:166235c1be7:-7fc7', 'RLI', NULL, NULL, NULL, NULL, NULL, NULL, NULL, NULL);
INSERT IGNORE INTO `sys_rule_action_param` (`objid`, `parentid`, `actiondefparam_objid`, `stringvalue`, `booleanvalue`, `var_objid`, `var_name`, `expr`, `exprtype`, `pos`, `obj_key`, `obj_value`, `listvalue`, `lov`, `rangeoption`) VALUES ('RULACTec9d7ab:166235c2e16:-386d', 'RACTec9d7ab:166235c2e16:-3879', 'rptis.landtax.actions.AggregateLedgerItem.rptledge', NULL, NULL, 'RCONDec9d7ab:166235c2e16:-3b0b', 'RLI', NULL, NULL, NULL, NULL, NULL, NULL, NULL, NULL);
